Change Component Comment : Designator=XTAL1 Old Comment=XC1617CT-ND New Comment=ECS-.327-12.5-34B-TR
Change component parameters: Designator = "C5" ("C5"); Footprint = "CAP_0.1uF_0603"; UniqueID = "\JIVITGUL" ("\JIVITGUL")
Change component parameters (AddParameter): Name = "Capacitance"; Value = "100nF"; VariantName = "[No Variations]"
Change component parameters (AddParameter): Name = "Case Code"; Value = "0603"; VariantName = "[No Variations]"
Change component parameters (AddParameter): Name = "Case Code (Imperial)"; Value = "0603"; VariantName = "[No Variations]"
Change component parameters (AddParameter): Name = "Case Code (Metric)"; Value = "1608"; VariantName = "[No Variations]"
Change component parameters (AddParameter): Name = "Case/Package"; Value = "0603"; VariantName = "[No Variations]"
Change component parameters (AddParameter): Name = "Category"; Value = "Ceramic Capacitors"; VariantName = "[No Variations]"
Change component parameters (AddParameter): Name = "ComponentLink1Description"; Value = "https://datasheet.ciiva.com/11786/0900766b802d4699-11786267.pdf?src-supplier=RSComponents"; VariantName = "[No Variations]"
Change component parameters (AddParameter): Name = "ComponentLink1URL"; Value = "https://datasheet.ciiva.com/11786/0900766b802d4699-11786267.pdf?src-supplier=RSComponents"; VariantName = "[No Variations]"
Change component parameters (AddParameter): Name = "ComponentLink2Description"; Value = "https://datasheet.ciiva.com/1124/318409-1124608.pdf?src-supplier=Element14"; VariantName = "[No Variations]"
Change component parameters (AddParameter): Name = "ComponentLink2URL"; Value = "https://datasheet.ciiva.com/1124/318409-1124608.pdf?src-supplier=Element14"; VariantName = "[No Variations]"
Change component parameters (AddParameter): Name = "ComponentLink3Description"; Value = "https://datasheet.ciiva.com/203/cy5v-203689.pdf?src-supplier=Digi-Key"; VariantName = "[No Variations]"
Change component parameters (AddParameter): Name = "ComponentLink3URL"; Value = "https://datasheet.ciiva.com/203/cy5v-203689.pdf?src-supplier=Digi-Key"; VariantName = "[No Variations]"
Change component parameters (AddParameter): Name = "ComponentLink4Description"; Value = "https://datasheet.ciiva.com/203/cy5v-203690.pdf?src-supplier=Digi-Key"; VariantName = "[No Variations]"
Change component parameters (AddParameter): Name = "ComponentLink4URL"; Value = "https://datasheet.ciiva.com/203/cy5v-203690.pdf?src-supplier=Digi-Key"; VariantName = "[No Variations]"
Change component parameters (AddParameter): Name = "ComponentLink5Description"; Value = "https://datasheet.ciiva.com/203/cy5v-203691.pdf?src-supplier=Digi-Key"; VariantName = "[No Variations]"
Change component parameters (AddParameter): Name = "ComponentLink5URL"; Value = "https://datasheet.ciiva.com/203/cy5v-203691.pdf?src-supplier=Digi-Key"; VariantName = "[No Variations]"
Change component parameters (AddParameter): Name = "ComponentLink6Description"; Value = "https://datasheet.ciiva.com/11464/cy5v-11464567.pdf?src-supplier=Avnet"; VariantName = "[No Variations]"
Change component parameters (AddParameter): Name = "ComponentLink6URL"; Value = "https://datasheet.ciiva.com/11464/cy5v-11464567.pdf?src-supplier=Avnet"; VariantName = "[No Variations]"
Change component parameters (AddParameter): Name = "ComponentLink7Description"; Value = "https://datasheet.ciiva.com/2987/cy5v-2987766.pdf?src-supplier=Avnet"; VariantName = "[No Variations]"
Change component parameters (AddParameter): Name = "ComponentLink7URL"; Value = "https://datasheet.ciiva.com/2987/cy5v-2987766.pdf?src-supplier=Avnet"; VariantName = "[No Variations]"
Change component parameters (AddParameter): Name = "ComponentLink8Description"; Value = "https://datasheet.ciiva.com/1124/578190-1124654.pdf?src-supplier=Element14"; VariantName = "[No Variations]"
Change component parameters (AddParameter): Name = "ComponentLink8URL"; Value = "https://datasheet.ciiva.com/1124/578190-1124654.pdf?src-supplier=Element14"; VariantName = "[No Variations]"
Change component parameters (AddParameter): Name = "ComponentLink9Description"; Value = "https://datasheet.ciiva.com/1124/578190-1124655.pdf?src-supplier=Element14"; VariantName = "[No Variations]"
Change component parameters (AddParameter): Name = "ComponentLink9URL"; Value = "https://datasheet.ciiva.com/1124/578190-1124655.pdf?src-supplier=Element14"; VariantName = "[No Variations]"
Change component parameters (AddParameter): Name = "ComponentLink10Description"; Value = "https://datasheet.ciiva.com/14590/70001073-14590664.pdf?src-supplier=Allied+Electronics"; VariantName = "[No Variations]"
Change component parameters (AddParameter): Name = "ComponentLink10URL"; Value = "https://datasheet.ciiva.com/14590/70001073-14590664.pdf?src-supplier=Allied+Electronics"; VariantName = "[No Variations]"
Change component parameters (AddParameter): Name = "ComponentLink11Description"; Value = "https://datasheet.ciiva.com/28613/578190-28613276.pdf?src-supplier=Element14"; VariantName = "[No Variations]"
Change component parameters (AddParameter): Name = "ComponentLink11URL"; Value = "https://datasheet.ciiva.com/28613/578190-28613276.pdf?src-supplier=Element14"; VariantName = "[No Variations]"
Change component parameters (AddParameter): Name = "ComponentLink12Description"; Value = "https://datasheet.ciiva.com/16484/cy5v-16484423.pdf?src-supplier=Avnet+Asia"; VariantName = "[No Variations]"
Change component parameters (AddParameter): Name = "ComponentLink12URL"; Value = "https://datasheet.ciiva.com/16484/cy5v-16484423.pdf?src-supplier=Avnet+Asia"; VariantName = "[No Variations]"
Change component parameters (AddParameter): Name = "Construction"; Value = "Flat"; VariantName = "[No Variations]"
Change component parameters (AddParameter): Name = "Contact Plating"; Value = "Tin,Matte"; VariantName = "[No Variations]"
Change component parameters (AddParameter): Name = "Depth"; Value = "0.81mm"; VariantName = "[No Variations]"
Change component parameters (AddParameter): Name = "Dielectric"; Value = "Y5V"; VariantName = "[No Variations]"
Change component parameters (AddParameter): Name = "Dissipation Factor"; Value = "7%"; VariantName = "[No Variations]"
Change component parameters (AddParameter): Name = "Height"; Value = "0.9mm"; VariantName = "[No Variations]"
Change component parameters (AddParameter): Name = "Insulation Resistance"; Value = "100GR"; VariantName = "[No Variations]"
Change component parameters (AddParameter): Name = "Lead Free"; Value = "Lead Free"; VariantName = "[No Variations]"
Change component parameters (AddParameter): Name = "Length"; Value = "1.6mm"; VariantName = "[No Variations]"
Change component parameters (AddParameter): Name = "Manufacturer"; Value = "Kyocera AVX"; VariantName = "[No Variations]"
Change component parameters (AddParameter): Name = "Manufacturer Part Number"; Value = "KGM15AV51E104ZT"; VariantName = "[No Variations]"
Change component parameters (AddParameter): Name = "Max Operating Temperature"; Value = "85°C"; VariantName = "[No Variations]"
Change component parameters (AddParameter): Name = "Min Operating Temperature"; Value = "-30°C"; VariantName = "[No Variations]"
Change component parameters (AddParameter): Name = "Mount"; Value = "Surface Mount,PCB"; VariantName = "[No Variations]"
Change component parameters (AddParameter): Name = "Number of Pins"; Value = "2"; VariantName = "[No Variations]"
Change component parameters (AddParameter): Name = "Package Quantity"; Value = "1"; VariantName = "[No Variations]"
Change component parameters (AddParameter): Name = "Packaging"; Value = "Tape and Reel"; VariantName = "[No Variations]"
Change component parameters (AddParameter): Name = "Radiation Hardening"; Value = "No"; VariantName = "[No Variations]"
Change component parameters (AddParameter): Name = "REACH SVHC"; Value = "No SVHC"; VariantName = "[No Variations]"
Change component parameters (AddParameter): Name = "RoHS"; Value = "Yes"; VariantName = "[No Variations]"
Change component parameters (AddParameter): Name = "RoHS Compliant"; Value = "Yes"; VariantName = "[No Variations]"
Change component parameters (AddParameter): Name = "Series"; Value = "-"; VariantName = "[No Variations]"
Change component parameters (AddParameter): Name = "Supplier 1"; Value = "DigiKey"; VariantName = "[No Variations]"
Change component parameters (AddParameter): Name = "Supplier Part Number 1"; Value = "478-KGM15AV51E104ZTCT-ND"; VariantName = "[No Variations]"
Change component parameters (AddParameter): Name = "Termination"; Value = "SMD/SMT"; VariantName = "[No Variations]"
Change component parameters (AddParameter): Name = "Thickness"; Value = "0.035inch"; VariantName = "[No Variations]"
Change component parameters (AddParameter): Name = "Tolerance"; Value = "80%"; VariantName = "[No Variations]"
Change component parameters (AddParameter): Name = "Voltage"; Value = "25V"; VariantName = "[No Variations]"
Change component parameters (AddParameter): Name = "Voltage Rating"; Value = "25V"; VariantName = "[No Variations]"
Change component parameters (AddParameter): Name = "Voltage Rating (DC)"; Value = "25V"; VariantName = "[No Variations]"
Change component parameters (AddParameter): Name = "Width"; Value = "0.032inch"; VariantName = "[No Variations]"
Change component parameters: Designator = "C6" ("C6"); Footprint = "CAP_0.1uF_0603"; UniqueID = "\VWVHMBIG" ("\VWVHMBIG")
Change component parameters (AddParameter): Name = "Capacitance"; Value = "100nF"; VariantName = "[No Variations]"
Change component parameters (AddParameter): Name = "Case Code"; Value = "0603"; VariantName = "[No Variations]"
Change component parameters (AddParameter): Name = "Case Code (Imperial)"; Value = "0603"; VariantName = "[No Variations]"
Change component parameters (AddParameter): Name = "Case Code (Metric)"; Value = "1608"; VariantName = "[No Variations]"
Change component parameters (AddParameter): Name = "Case/Package"; Value = "0603"; VariantName = "[No Variations]"
Change component parameters (AddParameter): Name = "Category"; Value = "Ceramic Capacitors"; VariantName = "[No Variations]"
Change component parameters (AddParameter): Name = "ComponentLink1Description"; Value = "https://datasheet.ciiva.com/11786/0900766b802d4699-11786267.pdf?src-supplier=RSComponents"; VariantName = "[No Variations]"
Change component parameters (AddParameter): Name = "ComponentLink1URL"; Value = "https://datasheet.ciiva.com/11786/0900766b802d4699-11786267.pdf?src-supplier=RSComponents"; VariantName = "[No Variations]"
Change component parameters (AddParameter): Name = "ComponentLink2Description"; Value = "https://datasheet.ciiva.com/1124/318409-1124608.pdf?src-supplier=Element14"; VariantName = "[No Variations]"
Change component parameters (AddParameter): Name = "ComponentLink2URL"; Value = "https://datasheet.ciiva.com/1124/318409-1124608.pdf?src-supplier=Element14"; VariantName = "[No Variations]"
Change component parameters (AddParameter): Name = "ComponentLink3Description"; Value = "https://datasheet.ciiva.com/203/cy5v-203689.pdf?src-supplier=Digi-Key"; VariantName = "[No Variations]"
Change component parameters (AddParameter): Name = "ComponentLink3URL"; Value = "https://datasheet.ciiva.com/203/cy5v-203689.pdf?src-supplier=Digi-Key"; VariantName = "[No Variations]"
Change component parameters (AddParameter): Name = "ComponentLink4Description"; Value = "https://datasheet.ciiva.com/203/cy5v-203690.pdf?src-supplier=Digi-Key"; VariantName = "[No Variations]"
Change component parameters (AddParameter): Name = "ComponentLink4URL"; Value = "https://datasheet.ciiva.com/203/cy5v-203690.pdf?src-supplier=Digi-Key"; VariantName = "[No Variations]"
Change component parameters (AddParameter): Name = "ComponentLink5Description"; Value = "https://datasheet.ciiva.com/203/cy5v-203691.pdf?src-supplier=Digi-Key"; VariantName = "[No Variations]"
Change component parameters (AddParameter): Name = "ComponentLink5URL"; Value = "https://datasheet.ciiva.com/203/cy5v-203691.pdf?src-supplier=Digi-Key"; VariantName = "[No Variations]"
Change component parameters (AddParameter): Name = "ComponentLink6Description"; Value = "https://datasheet.ciiva.com/11464/cy5v-11464567.pdf?src-supplier=Avnet"; VariantName = "[No Variations]"
Change component parameters (AddParameter): Name = "ComponentLink6URL"; Value = "https://datasheet.ciiva.com/11464/cy5v-11464567.pdf?src-supplier=Avnet"; VariantName = "[No Variations]"
Change component parameters (AddParameter): Name = "ComponentLink7Description"; Value = "https://datasheet.ciiva.com/2987/cy5v-2987766.pdf?src-supplier=Avnet"; VariantName = "[No Variations]"
Change component parameters (AddParameter): Name = "ComponentLink7URL"; Value = "https://datasheet.ciiva.com/2987/cy5v-2987766.pdf?src-supplier=Avnet"; VariantName = "[No Variations]"
Change component parameters (AddParameter): Name = "ComponentLink8Description"; Value = "https://datasheet.ciiva.com/1124/578190-1124654.pdf?src-supplier=Element14"; VariantName = "[No Variations]"
Change component parameters (AddParameter): Name = "ComponentLink8URL"; Value = "https://datasheet.ciiva.com/1124/578190-1124654.pdf?src-supplier=Element14"; VariantName = "[No Variations]"
Change component parameters (AddParameter): Name = "ComponentLink9Description"; Value = "https://datasheet.ciiva.com/1124/578190-1124655.pdf?src-supplier=Element14"; VariantName = "[No Variations]"
Change component parameters (AddParameter): Name = "ComponentLink9URL"; Value = "https://datasheet.ciiva.com/1124/578190-1124655.pdf?src-supplier=Element14"; VariantName = "[No Variations]"
Change component parameters (AddParameter): Name = "ComponentLink10Description"; Value = "https://datasheet.ciiva.com/14590/70001073-14590664.pdf?src-supplier=Allied+Electronics"; VariantName = "[No Variations]"
Change component parameters (AddParameter): Name = "ComponentLink10URL"; Value = "https://datasheet.ciiva.com/14590/70001073-14590664.pdf?src-supplier=Allied+Electronics"; VariantName = "[No Variations]"
Change component parameters (AddParameter): Name = "ComponentLink11Description"; Value = "https://datasheet.ciiva.com/28613/578190-28613276.pdf?src-supplier=Element14"; VariantName = "[No Variations]"
Change component parameters (AddParameter): Name = "ComponentLink11URL"; Value = "https://datasheet.ciiva.com/28613/578190-28613276.pdf?src-supplier=Element14"; VariantName = "[No Variations]"
Change component parameters (AddParameter): Name = "ComponentLink12Description"; Value = "https://datasheet.ciiva.com/16484/cy5v-16484423.pdf?src-supplier=Avnet+Asia"; VariantName = "[No Variations]"
Change component parameters (AddParameter): Name = "ComponentLink12URL"; Value = "https://datasheet.ciiva.com/16484/cy5v-16484423.pdf?src-supplier=Avnet+Asia"; VariantName = "[No Variations]"
Change component parameters (AddParameter): Name = "Construction"; Value = "Flat"; VariantName = "[No Variations]"
Change component parameters (AddParameter): Name = "Contact Plating"; Value = "Tin,Matte"; VariantName = "[No Variations]"
Change component parameters (AddParameter): Name = "Depth"; Value = "0.81mm"; VariantName = "[No Variations]"
Change component parameters (AddParameter): Name = "Dielectric"; Value = "Y5V"; VariantName = "[No Variations]"
Change component parameters (AddParameter): Name = "Dissipation Factor"; Value = "7%"; VariantName = "[No Variations]"
Change component parameters (AddParameter): Name = "Height"; Value = "0.9mm"; VariantName = "[No Variations]"
Change component parameters (AddParameter): Name = "Insulation Resistance"; Value = "100GR"; VariantName = "[No Variations]"
Change component parameters (AddParameter): Name = "Lead Free"; Value = "Lead Free"; VariantName = "[No Variations]"
Change component parameters (AddParameter): Name = "Length"; Value = "1.6mm"; VariantName = "[No Variations]"
Change component parameters (AddParameter): Name = "Manufacturer"; Value = "Kyocera AVX"; VariantName = "[No Variations]"
Change component parameters (AddParameter): Name = "Manufacturer Part Number"; Value = "KGM15AV51E104ZT"; VariantName = "[No Variations]"
Change component parameters (AddParameter): Name = "Max Operating Temperature"; Value = "85°C"; VariantName = "[No Variations]"
Change component parameters (AddParameter): Name = "Min Operating Temperature"; Value = "-30°C"; VariantName = "[No Variations]"
Change component parameters (AddParameter): Name = "Mount"; Value = "Surface Mount,PCB"; VariantName = "[No Variations]"
Change component parameters (AddParameter): Name = "Number of Pins"; Value = "2"; VariantName = "[No Variations]"
Change component parameters (AddParameter): Name = "Package Quantity"; Value = "1"; VariantName = "[No Variations]"
Change component parameters (AddParameter): Name = "Packaging"; Value = "Tape and Reel"; VariantName = "[No Variations]"
Change component parameters (AddParameter): Name = "Radiation Hardening"; Value = "No"; VariantName = "[No Variations]"
Change component parameters (AddParameter): Name = "REACH SVHC"; Value = "No SVHC"; VariantName = "[No Variations]"
Change component parameters (AddParameter): Name = "RoHS"; Value = "Yes"; VariantName = "[No Variations]"
Change component parameters (AddParameter): Name = "RoHS Compliant"; Value = "Yes"; VariantName = "[No Variations]"
Change component parameters (AddParameter): Name = "Series"; Value = "-"; VariantName = "[No Variations]"
Change component parameters (AddParameter): Name = "Supplier 1"; Value = "DigiKey"; VariantName = "[No Variations]"
Change component parameters (AddParameter): Name = "Supplier Part Number 1"; Value = "478-KGM15AV51E104ZTCT-ND"; VariantName = "[No Variations]"
Change component parameters (AddParameter): Name = "Termination"; Value = "SMD/SMT"; VariantName = "[No Variations]"
Change component parameters (AddParameter): Name = "Thickness"; Value = "0.035inch"; VariantName = "[No Variations]"
Change component parameters (AddParameter): Name = "Tolerance"; Value = "80%"; VariantName = "[No Variations]"
Change component parameters (AddParameter): Name = "Voltage"; Value = "25V"; VariantName = "[No Variations]"
Change component parameters (AddParameter): Name = "Voltage Rating"; Value = "25V"; VariantName = "[No Variations]"
Change component parameters (AddParameter): Name = "Voltage Rating (DC)"; Value = "25V"; VariantName = "[No Variations]"
Change component parameters (AddParameter): Name = "Width"; Value = "0.032inch"; VariantName = "[No Variations]"
Change component parameters: Designator = "C7" ("C7"); Footprint = "CAP_0.1uF_0603"; UniqueID = "\FYHOKHOU" ("\FYHOKHOU")
Change component parameters (AddParameter): Name = "Capacitance"; Value = "100nF"; VariantName = "[No Variations]"
Change component parameters (AddParameter): Name = "Case Code"; Value = "0603"; VariantName = "[No Variations]"
Change component parameters (AddParameter): Name = "Case Code (Imperial)"; Value = "0603"; VariantName = "[No Variations]"
Change component parameters (AddParameter): Name = "Case Code (Metric)"; Value = "1608"; VariantName = "[No Variations]"
Change component parameters (AddParameter): Name = "Case/Package"; Value = "0603"; VariantName = "[No Variations]"
Change component parameters (AddParameter): Name = "Category"; Value = "Ceramic Capacitors"; VariantName = "[No Variations]"
Change component parameters (AddParameter): Name = "ComponentLink1Description"; Value = "https://datasheet.ciiva.com/11786/0900766b802d4699-11786267.pdf?src-supplier=RSComponents"; VariantName = "[No Variations]"
Change component parameters (AddParameter): Name = "ComponentLink1URL"; Value = "https://datasheet.ciiva.com/11786/0900766b802d4699-11786267.pdf?src-supplier=RSComponents"; VariantName = "[No Variations]"
Change component parameters (AddParameter): Name = "ComponentLink2Description"; Value = "https://datasheet.ciiva.com/1124/318409-1124608.pdf?src-supplier=Element14"; VariantName = "[No Variations]"
Change component parameters (AddParameter): Name = "ComponentLink2URL"; Value = "https://datasheet.ciiva.com/1124/318409-1124608.pdf?src-supplier=Element14"; VariantName = "[No Variations]"
Change component parameters (AddParameter): Name = "ComponentLink3Description"; Value = "https://datasheet.ciiva.com/203/cy5v-203689.pdf?src-supplier=Digi-Key"; VariantName = "[No Variations]"
Change component parameters (AddParameter): Name = "ComponentLink3URL"; Value = "https://datasheet.ciiva.com/203/cy5v-203689.pdf?src-supplier=Digi-Key"; VariantName = "[No Variations]"
Change component parameters (AddParameter): Name = "ComponentLink4Description"; Value = "https://datasheet.ciiva.com/203/cy5v-203690.pdf?src-supplier=Digi-Key"; VariantName = "[No Variations]"
Change component parameters (AddParameter): Name = "ComponentLink4URL"; Value = "https://datasheet.ciiva.com/203/cy5v-203690.pdf?src-supplier=Digi-Key"; VariantName = "[No Variations]"
Change component parameters (AddParameter): Name = "ComponentLink5Description"; Value = "https://datasheet.ciiva.com/203/cy5v-203691.pdf?src-supplier=Digi-Key"; VariantName = "[No Variations]"
Change component parameters (AddParameter): Name = "ComponentLink5URL"; Value = "https://datasheet.ciiva.com/203/cy5v-203691.pdf?src-supplier=Digi-Key"; VariantName = "[No Variations]"
Change component parameters (AddParameter): Name = "ComponentLink6Description"; Value = "https://datasheet.ciiva.com/11464/cy5v-11464567.pdf?src-supplier=Avnet"; VariantName = "[No Variations]"
Change component parameters (AddParameter): Name = "ComponentLink6URL"; Value = "https://datasheet.ciiva.com/11464/cy5v-11464567.pdf?src-supplier=Avnet"; VariantName = "[No Variations]"
Change component parameters (AddParameter): Name = "ComponentLink7Description"; Value = "https://datasheet.ciiva.com/2987/cy5v-2987766.pdf?src-supplier=Avnet"; VariantName = "[No Variations]"
Change component parameters (AddParameter): Name = "ComponentLink7URL"; Value = "https://datasheet.ciiva.com/2987/cy5v-2987766.pdf?src-supplier=Avnet"; VariantName = "[No Variations]"
Change component parameters (AddParameter): Name = "ComponentLink8Description"; Value = "https://datasheet.ciiva.com/1124/578190-1124654.pdf?src-supplier=Element14"; VariantName = "[No Variations]"
Change component parameters (AddParameter): Name = "ComponentLink8URL"; Value = "https://datasheet.ciiva.com/1124/578190-1124654.pdf?src-supplier=Element14"; VariantName = "[No Variations]"
Change component parameters (AddParameter): Name = "ComponentLink9Description"; Value = "https://datasheet.ciiva.com/1124/578190-1124655.pdf?src-supplier=Element14"; VariantName = "[No Variations]"
Change component parameters (AddParameter): Name = "ComponentLink9URL"; Value = "https://datasheet.ciiva.com/1124/578190-1124655.pdf?src-supplier=Element14"; VariantName = "[No Variations]"
Change component parameters (AddParameter): Name = "ComponentLink10Description"; Value = "https://datasheet.ciiva.com/14590/70001073-14590664.pdf?src-supplier=Allied+Electronics"; VariantName = "[No Variations]"
Change component parameters (AddParameter): Name = "ComponentLink10URL"; Value = "https://datasheet.ciiva.com/14590/70001073-14590664.pdf?src-supplier=Allied+Electronics"; VariantName = "[No Variations]"
Change component parameters (AddParameter): Name = "ComponentLink11Description"; Value = "https://datasheet.ciiva.com/28613/578190-28613276.pdf?src-supplier=Element14"; VariantName = "[No Variations]"
Change component parameters (AddParameter): Name = "ComponentLink11URL"; Value = "https://datasheet.ciiva.com/28613/578190-28613276.pdf?src-supplier=Element14"; VariantName = "[No Variations]"
Change component parameters (AddParameter): Name = "ComponentLink12Description"; Value = "https://datasheet.ciiva.com/16484/cy5v-16484423.pdf?src-supplier=Avnet+Asia"; VariantName = "[No Variations]"
Change component parameters (AddParameter): Name = "ComponentLink12URL"; Value = "https://datasheet.ciiva.com/16484/cy5v-16484423.pdf?src-supplier=Avnet+Asia"; VariantName = "[No Variations]"
Change component parameters (AddParameter): Name = "Construction"; Value = "Flat"; VariantName = "[No Variations]"
Change component parameters (AddParameter): Name = "Contact Plating"; Value = "Tin,Matte"; VariantName = "[No Variations]"
Change component parameters (AddParameter): Name = "Depth"; Value = "0.81mm"; VariantName = "[No Variations]"
Change component parameters (AddParameter): Name = "Dielectric"; Value = "Y5V"; VariantName = "[No Variations]"
Change component parameters (AddParameter): Name = "Dissipation Factor"; Value = "7%"; VariantName = "[No Variations]"
Change component parameters (AddParameter): Name = "Height"; Value = "0.9mm"; VariantName = "[No Variations]"
Change component parameters (AddParameter): Name = "Insulation Resistance"; Value = "100GR"; VariantName = "[No Variations]"
Change component parameters (AddParameter): Name = "Lead Free"; Value = "Lead Free"; VariantName = "[No Variations]"
Change component parameters (AddParameter): Name = "Length"; Value = "1.6mm"; VariantName = "[No Variations]"
Change component parameters (AddParameter): Name = "Manufacturer"; Value = "Kyocera AVX"; VariantName = "[No Variations]"
Change component parameters (AddParameter): Name = "Manufacturer Part Number"; Value = "KGM15AV51E104ZT"; VariantName = "[No Variations]"
Change component parameters (AddParameter): Name = "Max Operating Temperature"; Value = "85°C"; VariantName = "[No Variations]"
Change component parameters (AddParameter): Name = "Min Operating Temperature"; Value = "-30°C"; VariantName = "[No Variations]"
Change component parameters (AddParameter): Name = "Mount"; Value = "Surface Mount,PCB"; VariantName = "[No Variations]"
Change component parameters (AddParameter): Name = "Number of Pins"; Value = "2"; VariantName = "[No Variations]"
Change component parameters (AddParameter): Name = "Package Quantity"; Value = "1"; VariantName = "[No Variations]"
Change component parameters (AddParameter): Name = "Packaging"; Value = "Tape and Reel"; VariantName = "[No Variations]"
Change component parameters (AddParameter): Name = "Radiation Hardening"; Value = "No"; VariantName = "[No Variations]"
Change component parameters (AddParameter): Name = "REACH SVHC"; Value = "No SVHC"; VariantName = "[No Variations]"
Change component parameters (AddParameter): Name = "RoHS"; Value = "Yes"; VariantName = "[No Variations]"
Change component parameters (AddParameter): Name = "RoHS Compliant"; Value = "Yes"; VariantName = "[No Variations]"
Change component parameters (AddParameter): Name = "Series"; Value = "-"; VariantName = "[No Variations]"
Change component parameters (AddParameter): Name = "Supplier 1"; Value = "DigiKey"; VariantName = "[No Variations]"
Change component parameters (AddParameter): Name = "Supplier Part Number 1"; Value = "478-KGM15AV51E104ZTCT-ND"; VariantName = "[No Variations]"
Change component parameters (AddParameter): Name = "Termination"; Value = "SMD/SMT"; VariantName = "[No Variations]"
Change component parameters (AddParameter): Name = "Thickness"; Value = "0.035inch"; VariantName = "[No Variations]"
Change component parameters (AddParameter): Name = "Tolerance"; Value = "80%"; VariantName = "[No Variations]"
Change component parameters (AddParameter): Name = "Voltage"; Value = "25V"; VariantName = "[No Variations]"
Change component parameters (AddParameter): Name = "Voltage Rating"; Value = "25V"; VariantName = "[No Variations]"
Change component parameters (AddParameter): Name = "Voltage Rating (DC)"; Value = "25V"; VariantName = "[No Variations]"
Change component parameters (AddParameter): Name = "Width"; Value = "0.032inch"; VariantName = "[No Variations]"
Change component parameters: Designator = "C8" ("C8"); Footprint = "CAP_0.1uF_0603"; UniqueID = "\VTLVCAAM" ("\VTLVCAAM")
Change component parameters (AddParameter): Name = "Capacitance"; Value = "100nF"; VariantName = "[No Variations]"
Change component parameters (AddParameter): Name = "Case Code"; Value = "0603"; VariantName = "[No Variations]"
Change component parameters (AddParameter): Name = "Case Code (Imperial)"; Value = "0603"; VariantName = "[No Variations]"
Change component parameters (AddParameter): Name = "Case Code (Metric)"; Value = "1608"; VariantName = "[No Variations]"
Change component parameters (AddParameter): Name = "Case/Package"; Value = "0603"; VariantName = "[No Variations]"
Change component parameters (AddParameter): Name = "Category"; Value = "Ceramic Capacitors"; VariantName = "[No Variations]"
Change component parameters (AddParameter): Name = "ComponentLink1Description"; Value = "https://datasheet.ciiva.com/11786/0900766b802d4699-11786267.pdf?src-supplier=RSComponents"; VariantName = "[No Variations]"
Change component parameters (AddParameter): Name = "ComponentLink1URL"; Value = "https://datasheet.ciiva.com/11786/0900766b802d4699-11786267.pdf?src-supplier=RSComponents"; VariantName = "[No Variations]"
Change component parameters (AddParameter): Name = "ComponentLink2Description"; Value = "https://datasheet.ciiva.com/1124/318409-1124608.pdf?src-supplier=Element14"; VariantName = "[No Variations]"
Change component parameters (AddParameter): Name = "ComponentLink2URL"; Value = "https://datasheet.ciiva.com/1124/318409-1124608.pdf?src-supplier=Element14"; VariantName = "[No Variations]"
Change component parameters (AddParameter): Name = "ComponentLink3Description"; Value = "https://datasheet.ciiva.com/203/cy5v-203689.pdf?src-supplier=Digi-Key"; VariantName = "[No Variations]"
Change component parameters (AddParameter): Name = "ComponentLink3URL"; Value = "https://datasheet.ciiva.com/203/cy5v-203689.pdf?src-supplier=Digi-Key"; VariantName = "[No Variations]"
Change component parameters (AddParameter): Name = "ComponentLink4Description"; Value = "https://datasheet.ciiva.com/203/cy5v-203690.pdf?src-supplier=Digi-Key"; VariantName = "[No Variations]"
Change component parameters (AddParameter): Name = "ComponentLink4URL"; Value = "https://datasheet.ciiva.com/203/cy5v-203690.pdf?src-supplier=Digi-Key"; VariantName = "[No Variations]"
Change component parameters (AddParameter): Name = "ComponentLink5Description"; Value = "https://datasheet.ciiva.com/203/cy5v-203691.pdf?src-supplier=Digi-Key"; VariantName = "[No Variations]"
Change component parameters (AddParameter): Name = "ComponentLink5URL"; Value = "https://datasheet.ciiva.com/203/cy5v-203691.pdf?src-supplier=Digi-Key"; VariantName = "[No Variations]"
Change component parameters (AddParameter): Name = "ComponentLink6Description"; Value = "https://datasheet.ciiva.com/11464/cy5v-11464567.pdf?src-supplier=Avnet"; VariantName = "[No Variations]"
Change component parameters (AddParameter): Name = "ComponentLink6URL"; Value = "https://datasheet.ciiva.com/11464/cy5v-11464567.pdf?src-supplier=Avnet"; VariantName = "[No Variations]"
Change component parameters (AddParameter): Name = "ComponentLink7Description"; Value = "https://datasheet.ciiva.com/2987/cy5v-2987766.pdf?src-supplier=Avnet"; VariantName = "[No Variations]"
Change component parameters (AddParameter): Name = "ComponentLink7URL"; Value = "https://datasheet.ciiva.com/2987/cy5v-2987766.pdf?src-supplier=Avnet"; VariantName = "[No Variations]"
Change component parameters (AddParameter): Name = "ComponentLink8Description"; Value = "https://datasheet.ciiva.com/1124/578190-1124654.pdf?src-supplier=Element14"; VariantName = "[No Variations]"
Change component parameters (AddParameter): Name = "ComponentLink8URL"; Value = "https://datasheet.ciiva.com/1124/578190-1124654.pdf?src-supplier=Element14"; VariantName = "[No Variations]"
Change component parameters (AddParameter): Name = "ComponentLink9Description"; Value = "https://datasheet.ciiva.com/1124/578190-1124655.pdf?src-supplier=Element14"; VariantName = "[No Variations]"
Change component parameters (AddParameter): Name = "ComponentLink9URL"; Value = "https://datasheet.ciiva.com/1124/578190-1124655.pdf?src-supplier=Element14"; VariantName = "[No Variations]"
Change component parameters (AddParameter): Name = "ComponentLink10Description"; Value = "https://datasheet.ciiva.com/14590/70001073-14590664.pdf?src-supplier=Allied+Electronics"; VariantName = "[No Variations]"
Change component parameters (AddParameter): Name = "ComponentLink10URL"; Value = "https://datasheet.ciiva.com/14590/70001073-14590664.pdf?src-supplier=Allied+Electronics"; VariantName = "[No Variations]"
Change component parameters (AddParameter): Name = "ComponentLink11Description"; Value = "https://datasheet.ciiva.com/28613/578190-28613276.pdf?src-supplier=Element14"; VariantName = "[No Variations]"
Change component parameters (AddParameter): Name = "ComponentLink11URL"; Value = "https://datasheet.ciiva.com/28613/578190-28613276.pdf?src-supplier=Element14"; VariantName = "[No Variations]"
Change component parameters (AddParameter): Name = "ComponentLink12Description"; Value = "https://datasheet.ciiva.com/16484/cy5v-16484423.pdf?src-supplier=Avnet+Asia"; VariantName = "[No Variations]"
Change component parameters (AddParameter): Name = "ComponentLink12URL"; Value = "https://datasheet.ciiva.com/16484/cy5v-16484423.pdf?src-supplier=Avnet+Asia"; VariantName = "[No Variations]"
Change component parameters (AddParameter): Name = "Construction"; Value = "Flat"; VariantName = "[No Variations]"
Change component parameters (AddParameter): Name = "Contact Plating"; Value = "Tin,Matte"; VariantName = "[No Variations]"
Change component parameters (AddParameter): Name = "Depth"; Value = "0.81mm"; VariantName = "[No Variations]"
Change component parameters (AddParameter): Name = "Dielectric"; Value = "Y5V"; VariantName = "[No Variations]"
Change component parameters (AddParameter): Name = "Dissipation Factor"; Value = "7%"; VariantName = "[No Variations]"
Change component parameters (AddParameter): Name = "Height"; Value = "0.9mm"; VariantName = "[No Variations]"
Change component parameters (AddParameter): Name = "Insulation Resistance"; Value = "100GR"; VariantName = "[No Variations]"
Change component parameters (AddParameter): Name = "Lead Free"; Value = "Lead Free"; VariantName = "[No Variations]"
Change component parameters (AddParameter): Name = "Length"; Value = "1.6mm"; VariantName = "[No Variations]"
Change component parameters (AddParameter): Name = "Manufacturer"; Value = "Kyocera AVX"; VariantName = "[No Variations]"
Change component parameters (AddParameter): Name = "Manufacturer Part Number"; Value = "KGM15AV51E104ZT"; VariantName = "[No Variations]"
Change component parameters (AddParameter): Name = "Max Operating Temperature"; Value = "85°C"; VariantName = "[No Variations]"
Change component parameters (AddParameter): Name = "Min Operating Temperature"; Value = "-30°C"; VariantName = "[No Variations]"
Change component parameters (AddParameter): Name = "Mount"; Value = "Surface Mount,PCB"; VariantName = "[No Variations]"
Change component parameters (AddParameter): Name = "Number of Pins"; Value = "2"; VariantName = "[No Variations]"
Change component parameters (AddParameter): Name = "Package Quantity"; Value = "1"; VariantName = "[No Variations]"
Change component parameters (AddParameter): Name = "Packaging"; Value = "Tape and Reel"; VariantName = "[No Variations]"
Change component parameters (AddParameter): Name = "Radiation Hardening"; Value = "No"; VariantName = "[No Variations]"
Change component parameters (AddParameter): Name = "REACH SVHC"; Value = "No SVHC"; VariantName = "[No Variations]"
Change component parameters (AddParameter): Name = "RoHS"; Value = "Yes"; VariantName = "[No Variations]"
Change component parameters (AddParameter): Name = "RoHS Compliant"; Value = "Yes"; VariantName = "[No Variations]"
Change component parameters (AddParameter): Name = "Series"; Value = "-"; VariantName = "[No Variations]"
Change component parameters (AddParameter): Name = "Supplier 1"; Value = "DigiKey"; VariantName = "[No Variations]"
Change component parameters (AddParameter): Name = "Supplier Part Number 1"; Value = "478-KGM15AV51E104ZTCT-ND"; VariantName = "[No Variations]"
Change component parameters (AddParameter): Name = "Termination"; Value = "SMD/SMT"; VariantName = "[No Variations]"
Change component parameters (AddParameter): Name = "Thickness"; Value = "0.035inch"; VariantName = "[No Variations]"
Change component parameters (AddParameter): Name = "Tolerance"; Value = "80%"; VariantName = "[No Variations]"
Change component parameters (AddParameter): Name = "Voltage"; Value = "25V"; VariantName = "[No Variations]"
Change component parameters (AddParameter): Name = "Voltage Rating"; Value = "25V"; VariantName = "[No Variations]"
Change component parameters (AddParameter): Name = "Voltage Rating (DC)"; Value = "25V"; VariantName = "[No Variations]"
Change component parameters (AddParameter): Name = "Width"; Value = "0.032inch"; VariantName = "[No Variations]"
Change component parameters: Designator = "C10" ("C10"); Footprint = "CAP_0.1uF_0603"; UniqueID = "\JIJGMHGY" ("\JIJGMHGY")
Change component parameters (AddParameter): Name = "Capacitance"; Value = "100nF"; VariantName = "[No Variations]"
Change component parameters (AddParameter): Name = "Case Code"; Value = "0603"; VariantName = "[No Variations]"
Change component parameters (AddParameter): Name = "Case Code (Imperial)"; Value = "0603"; VariantName = "[No Variations]"
Change component parameters (AddParameter): Name = "Case Code (Metric)"; Value = "1608"; VariantName = "[No Variations]"
Change component parameters (AddParameter): Name = "Case/Package"; Value = "0603"; VariantName = "[No Variations]"
Change component parameters (AddParameter): Name = "Category"; Value = "Ceramic Capacitors"; VariantName = "[No Variations]"
Change component parameters (AddParameter): Name = "ComponentLink1Description"; Value = "https://datasheet.ciiva.com/11786/0900766b802d4699-11786267.pdf?src-supplier=RSComponents"; VariantName = "[No Variations]"
Change component parameters (AddParameter): Name = "ComponentLink1URL"; Value = "https://datasheet.ciiva.com/11786/0900766b802d4699-11786267.pdf?src-supplier=RSComponents"; VariantName = "[No Variations]"
Change component parameters (AddParameter): Name = "ComponentLink2Description"; Value = "https://datasheet.ciiva.com/1124/318409-1124608.pdf?src-supplier=Element14"; VariantName = "[No Variations]"
Change component parameters (AddParameter): Name = "ComponentLink2URL"; Value = "https://datasheet.ciiva.com/1124/318409-1124608.pdf?src-supplier=Element14"; VariantName = "[No Variations]"
Change component parameters (AddParameter): Name = "ComponentLink3Description"; Value = "https://datasheet.ciiva.com/203/cy5v-203689.pdf?src-supplier=Digi-Key"; VariantName = "[No Variations]"
Change component parameters (AddParameter): Name = "ComponentLink3URL"; Value = "https://datasheet.ciiva.com/203/cy5v-203689.pdf?src-supplier=Digi-Key"; VariantName = "[No Variations]"
Change component parameters (AddParameter): Name = "ComponentLink4Description"; Value = "https://datasheet.ciiva.com/203/cy5v-203690.pdf?src-supplier=Digi-Key"; VariantName = "[No Variations]"
Change component parameters (AddParameter): Name = "ComponentLink4URL"; Value = "https://datasheet.ciiva.com/203/cy5v-203690.pdf?src-supplier=Digi-Key"; VariantName = "[No Variations]"
Change component parameters (AddParameter): Name = "ComponentLink5Description"; Value = "https://datasheet.ciiva.com/203/cy5v-203691.pdf?src-supplier=Digi-Key"; VariantName = "[No Variations]"
Change component parameters (AddParameter): Name = "ComponentLink5URL"; Value = "https://datasheet.ciiva.com/203/cy5v-203691.pdf?src-supplier=Digi-Key"; VariantName = "[No Variations]"
Change component parameters (AddParameter): Name = "ComponentLink6Description"; Value = "https://datasheet.ciiva.com/11464/cy5v-11464567.pdf?src-supplier=Avnet"; VariantName = "[No Variations]"
Change component parameters (AddParameter): Name = "ComponentLink6URL"; Value = "https://datasheet.ciiva.com/11464/cy5v-11464567.pdf?src-supplier=Avnet"; VariantName = "[No Variations]"
Change component parameters (AddParameter): Name = "ComponentLink7Description"; Value = "https://datasheet.ciiva.com/2987/cy5v-2987766.pdf?src-supplier=Avnet"; VariantName = "[No Variations]"
Change component parameters (AddParameter): Name = "ComponentLink7URL"; Value = "https://datasheet.ciiva.com/2987/cy5v-2987766.pdf?src-supplier=Avnet"; VariantName = "[No Variations]"
Change component parameters (AddParameter): Name = "ComponentLink8Description"; Value = "https://datasheet.ciiva.com/1124/578190-1124654.pdf?src-supplier=Element14"; VariantName = "[No Variations]"
Change component parameters (AddParameter): Name = "ComponentLink8URL"; Value = "https://datasheet.ciiva.com/1124/578190-1124654.pdf?src-supplier=Element14"; VariantName = "[No Variations]"
Change component parameters (AddParameter): Name = "ComponentLink9Description"; Value = "https://datasheet.ciiva.com/1124/578190-1124655.pdf?src-supplier=Element14"; VariantName = "[No Variations]"
Change component parameters (AddParameter): Name = "ComponentLink9URL"; Value = "https://datasheet.ciiva.com/1124/578190-1124655.pdf?src-supplier=Element14"; VariantName = "[No Variations]"
Change component parameters (AddParameter): Name = "ComponentLink10Description"; Value = "https://datasheet.ciiva.com/14590/70001073-14590664.pdf?src-supplier=Allied+Electronics"; VariantName = "[No Variations]"
Change component parameters (AddParameter): Name = "ComponentLink10URL"; Value = "https://datasheet.ciiva.com/14590/70001073-14590664.pdf?src-supplier=Allied+Electronics"; VariantName = "[No Variations]"
Change component parameters (AddParameter): Name = "ComponentLink11Description"; Value = "https://datasheet.ciiva.com/28613/578190-28613276.pdf?src-supplier=Element14"; VariantName = "[No Variations]"
Change component parameters (AddParameter): Name = "ComponentLink11URL"; Value = "https://datasheet.ciiva.com/28613/578190-28613276.pdf?src-supplier=Element14"; VariantName = "[No Variations]"
Change component parameters (AddParameter): Name = "ComponentLink12Description"; Value = "https://datasheet.ciiva.com/16484/cy5v-16484423.pdf?src-supplier=Avnet+Asia"; VariantName = "[No Variations]"
Change component parameters (AddParameter): Name = "ComponentLink12URL"; Value = "https://datasheet.ciiva.com/16484/cy5v-16484423.pdf?src-supplier=Avnet+Asia"; VariantName = "[No Variations]"
Change component parameters (AddParameter): Name = "Construction"; Value = "Flat"; VariantName = "[No Variations]"
Change component parameters (AddParameter): Name = "Contact Plating"; Value = "Tin,Matte"; VariantName = "[No Variations]"
Change component parameters (AddParameter): Name = "Depth"; Value = "0.81mm"; VariantName = "[No Variations]"
Change component parameters (AddParameter): Name = "Dielectric"; Value = "Y5V"; VariantName = "[No Variations]"
Change component parameters (AddParameter): Name = "Dissipation Factor"; Value = "7%"; VariantName = "[No Variations]"
Change component parameters (AddParameter): Name = "Height"; Value = "0.9mm"; VariantName = "[No Variations]"
Change component parameters (AddParameter): Name = "Insulation Resistance"; Value = "100GR"; VariantName = "[No Variations]"
Change component parameters (AddParameter): Name = "Lead Free"; Value = "Lead Free"; VariantName = "[No Variations]"
Change component parameters (AddParameter): Name = "Length"; Value = "1.6mm"; VariantName = "[No Variations]"
Change component parameters (AddParameter): Name = "Manufacturer"; Value = "Kyocera AVX"; VariantName = "[No Variations]"
Change component parameters (AddParameter): Name = "Manufacturer Part Number"; Value = "KGM15AV51E104ZT"; VariantName = "[No Variations]"
Change component parameters (AddParameter): Name = "Max Operating Temperature"; Value = "85°C"; VariantName = "[No Variations]"
Change component parameters (AddParameter): Name = "Min Operating Temperature"; Value = "-30°C"; VariantName = "[No Variations]"
Change component parameters (AddParameter): Name = "Mount"; Value = "Surface Mount,PCB"; VariantName = "[No Variations]"
Change component parameters (AddParameter): Name = "Number of Pins"; Value = "2"; VariantName = "[No Variations]"
Change component parameters (AddParameter): Name = "Package Quantity"; Value = "1"; VariantName = "[No Variations]"
Change component parameters (AddParameter): Name = "Packaging"; Value = "Tape and Reel"; VariantName = "[No Variations]"
Change component parameters (AddParameter): Name = "Radiation Hardening"; Value = "No"; VariantName = "[No Variations]"
Change component parameters (AddParameter): Name = "REACH SVHC"; Value = "No SVHC"; VariantName = "[No Variations]"
Change component parameters (AddParameter): Name = "RoHS"; Value = "Yes"; VariantName = "[No Variations]"
Change component parameters (AddParameter): Name = "RoHS Compliant"; Value = "Yes"; VariantName = "[No Variations]"
Change component parameters (AddParameter): Name = "Series"; Value = "-"; VariantName = "[No Variations]"
Change component parameters (AddParameter): Name = "Supplier 1"; Value = "DigiKey"; VariantName = "[No Variations]"
Change component parameters (AddParameter): Name = "Supplier Part Number 1"; Value = "478-KGM15AV51E104ZTCT-ND"; VariantName = "[No Variations]"
Change component parameters (AddParameter): Name = "Termination"; Value = "SMD/SMT"; VariantName = "[No Variations]"
Change component parameters (AddParameter): Name = "Thickness"; Value = "0.035inch"; VariantName = "[No Variations]"
Change component parameters (AddParameter): Name = "Tolerance"; Value = "80%"; VariantName = "[No Variations]"
Change component parameters (AddParameter): Name = "Voltage"; Value = "25V"; VariantName = "[No Variations]"
Change component parameters (AddParameter): Name = "Voltage Rating"; Value = "25V"; VariantName = "[No Variations]"
Change component parameters (AddParameter): Name = "Voltage Rating (DC)"; Value = "25V"; VariantName = "[No Variations]"
Change component parameters (AddParameter): Name = "Width"; Value = "0.032inch"; VariantName = "[No Variations]"
Change component parameters: Designator = "C18" ("C18"); Footprint = "CAP_0.1uF_0603"; UniqueID = "\GDRKTCUO" ("\GDRKTCUO")
Change component parameters (AddParameter): Name = "Capacitance"; Value = "100nF"; VariantName = "[No Variations]"
Change component parameters (AddParameter): Name = "Case Code"; Value = "0603"; VariantName = "[No Variations]"
Change component parameters (AddParameter): Name = "Case Code (Imperial)"; Value = "0603"; VariantName = "[No Variations]"
Change component parameters (AddParameter): Name = "Case Code (Metric)"; Value = "1608"; VariantName = "[No Variations]"
Change component parameters (AddParameter): Name = "Case/Package"; Value = "0603"; VariantName = "[No Variations]"
Change component parameters (AddParameter): Name = "Category"; Value = "Ceramic Capacitors"; VariantName = "[No Variations]"
Change component parameters (AddParameter): Name = "ComponentLink1Description"; Value = "https://datasheet.ciiva.com/11786/0900766b802d4699-11786267.pdf?src-supplier=RSComponents"; VariantName = "[No Variations]"
Change component parameters (AddParameter): Name = "ComponentLink1URL"; Value = "https://datasheet.ciiva.com/11786/0900766b802d4699-11786267.pdf?src-supplier=RSComponents"; VariantName = "[No Variations]"
Change component parameters (AddParameter): Name = "ComponentLink2Description"; Value = "https://datasheet.ciiva.com/1124/318409-1124608.pdf?src-supplier=Element14"; VariantName = "[No Variations]"
Change component parameters (AddParameter): Name = "ComponentLink2URL"; Value = "https://datasheet.ciiva.com/1124/318409-1124608.pdf?src-supplier=Element14"; VariantName = "[No Variations]"
Change component parameters (AddParameter): Name = "ComponentLink3Description"; Value = "https://datasheet.ciiva.com/203/cy5v-203689.pdf?src-supplier=Digi-Key"; VariantName = "[No Variations]"
Change component parameters (AddParameter): Name = "ComponentLink3URL"; Value = "https://datasheet.ciiva.com/203/cy5v-203689.pdf?src-supplier=Digi-Key"; VariantName = "[No Variations]"
Change component parameters (AddParameter): Name = "ComponentLink4Description"; Value = "https://datasheet.ciiva.com/203/cy5v-203690.pdf?src-supplier=Digi-Key"; VariantName = "[No Variations]"
Change component parameters (AddParameter): Name = "ComponentLink4URL"; Value = "https://datasheet.ciiva.com/203/cy5v-203690.pdf?src-supplier=Digi-Key"; VariantName = "[No Variations]"
Change component parameters (AddParameter): Name = "ComponentLink5Description"; Value = "https://datasheet.ciiva.com/203/cy5v-203691.pdf?src-supplier=Digi-Key"; VariantName = "[No Variations]"
Change component parameters (AddParameter): Name = "ComponentLink5URL"; Value = "https://datasheet.ciiva.com/203/cy5v-203691.pdf?src-supplier=Digi-Key"; VariantName = "[No Variations]"
Change component parameters (AddParameter): Name = "ComponentLink6Description"; Value = "https://datasheet.ciiva.com/11464/cy5v-11464567.pdf?src-supplier=Avnet"; VariantName = "[No Variations]"
Change component parameters (AddParameter): Name = "ComponentLink6URL"; Value = "https://datasheet.ciiva.com/11464/cy5v-11464567.pdf?src-supplier=Avnet"; VariantName = "[No Variations]"
Change component parameters (AddParameter): Name = "ComponentLink7Description"; Value = "https://datasheet.ciiva.com/2987/cy5v-2987766.pdf?src-supplier=Avnet"; VariantName = "[No Variations]"
Change component parameters (AddParameter): Name = "ComponentLink7URL"; Value = "https://datasheet.ciiva.com/2987/cy5v-2987766.pdf?src-supplier=Avnet"; VariantName = "[No Variations]"
Change component parameters (AddParameter): Name = "ComponentLink8Description"; Value = "https://datasheet.ciiva.com/1124/578190-1124654.pdf?src-supplier=Element14"; VariantName = "[No Variations]"
Change component parameters (AddParameter): Name = "ComponentLink8URL"; Value = "https://datasheet.ciiva.com/1124/578190-1124654.pdf?src-supplier=Element14"; VariantName = "[No Variations]"
Change component parameters (AddParameter): Name = "ComponentLink9Description"; Value = "https://datasheet.ciiva.com/1124/578190-1124655.pdf?src-supplier=Element14"; VariantName = "[No Variations]"
Change component parameters (AddParameter): Name = "ComponentLink9URL"; Value = "https://datasheet.ciiva.com/1124/578190-1124655.pdf?src-supplier=Element14"; VariantName = "[No Variations]"
Change component parameters (AddParameter): Name = "ComponentLink10Description"; Value = "https://datasheet.ciiva.com/14590/70001073-14590664.pdf?src-supplier=Allied+Electronics"; VariantName = "[No Variations]"
Change component parameters (AddParameter): Name = "ComponentLink10URL"; Value = "https://datasheet.ciiva.com/14590/70001073-14590664.pdf?src-supplier=Allied+Electronics"; VariantName = "[No Variations]"
Change component parameters (AddParameter): Name = "ComponentLink11Description"; Value = "https://datasheet.ciiva.com/28613/578190-28613276.pdf?src-supplier=Element14"; VariantName = "[No Variations]"
Change component parameters (AddParameter): Name = "ComponentLink11URL"; Value = "https://datasheet.ciiva.com/28613/578190-28613276.pdf?src-supplier=Element14"; VariantName = "[No Variations]"
Change component parameters (AddParameter): Name = "ComponentLink12Description"; Value = "https://datasheet.ciiva.com/16484/cy5v-16484423.pdf?src-supplier=Avnet+Asia"; VariantName = "[No Variations]"
Change component parameters (AddParameter): Name = "ComponentLink12URL"; Value = "https://datasheet.ciiva.com/16484/cy5v-16484423.pdf?src-supplier=Avnet+Asia"; VariantName = "[No Variations]"
Change component parameters (AddParameter): Name = "Construction"; Value = "Flat"; VariantName = "[No Variations]"
Change component parameters (AddParameter): Name = "Contact Plating"; Value = "Tin,Matte"; VariantName = "[No Variations]"
Change component parameters (AddParameter): Name = "Depth"; Value = "0.81mm"; VariantName = "[No Variations]"
Change component parameters (AddParameter): Name = "Dielectric"; Value = "Y5V"; VariantName = "[No Variations]"
Change component parameters (AddParameter): Name = "Dissipation Factor"; Value = "7%"; VariantName = "[No Variations]"
Change component parameters (AddParameter): Name = "Height"; Value = "0.9mm"; VariantName = "[No Variations]"
Change component parameters (AddParameter): Name = "Insulation Resistance"; Value = "100GR"; VariantName = "[No Variations]"
Change component parameters (AddParameter): Name = "Lead Free"; Value = "Lead Free"; VariantName = "[No Variations]"
Change component parameters (AddParameter): Name = "Length"; Value = "1.6mm"; VariantName = "[No Variations]"
Change component parameters (AddParameter): Name = "Manufacturer"; Value = "Kyocera AVX"; VariantName = "[No Variations]"
Change component parameters (AddParameter): Name = "Manufacturer Part Number"; Value = "KGM15AV51E104ZT"; VariantName = "[No Variations]"
Change component parameters (AddParameter): Name = "Max Operating Temperature"; Value = "85°C"; VariantName = "[No Variations]"
Change component parameters (AddParameter): Name = "Min Operating Temperature"; Value = "-30°C"; VariantName = "[No Variations]"
Change component parameters (AddParameter): Name = "Mount"; Value = "Surface Mount,PCB"; VariantName = "[No Variations]"
Change component parameters (AddParameter): Name = "Number of Pins"; Value = "2"; VariantName = "[No Variations]"
Change component parameters (AddParameter): Name = "Package Quantity"; Value = "1"; VariantName = "[No Variations]"
Change component parameters (AddParameter): Name = "Packaging"; Value = "Tape and Reel"; VariantName = "[No Variations]"
Change component parameters (AddParameter): Name = "Radiation Hardening"; Value = "No"; VariantName = "[No Variations]"
Change component parameters (AddParameter): Name = "REACH SVHC"; Value = "No SVHC"; VariantName = "[No Variations]"
Change component parameters (AddParameter): Name = "RoHS"; Value = "Yes"; VariantName = "[No Variations]"
Change component parameters (AddParameter): Name = "RoHS Compliant"; Value = "Yes"; VariantName = "[No Variations]"
Change component parameters (AddParameter): Name = "Series"; Value = "-"; VariantName = "[No Variations]"
Change component parameters (AddParameter): Name = "Supplier 1"; Value = "DigiKey"; VariantName = "[No Variations]"
Change component parameters (AddParameter): Name = "Supplier Part Number 1"; Value = "478-KGM15AV51E104ZTCT-ND"; VariantName = "[No Variations]"
Change component parameters (AddParameter): Name = "Termination"; Value = "SMD/SMT"; VariantName = "[No Variations]"
Change component parameters (AddParameter): Name = "Thickness"; Value = "0.035inch"; VariantName = "[No Variations]"
Change component parameters (AddParameter): Name = "Tolerance"; Value = "80%"; VariantName = "[No Variations]"
Change component parameters (AddParameter): Name = "Voltage"; Value = "25V"; VariantName = "[No Variations]"
Change component parameters (AddParameter): Name = "Voltage Rating"; Value = "25V"; VariantName = "[No Variations]"
Change component parameters (AddParameter): Name = "Voltage Rating (DC)"; Value = "25V"; VariantName = "[No Variations]"
Change component parameters (AddParameter): Name = "Width"; Value = "0.032inch"; VariantName = "[No Variations]"
Change component parameters: Designator = "C23" ("C23"); Footprint = "CAP_0.1uF_0603"; UniqueID = "\FVZUYDVY" ("\FVZUYDVY")
Change component parameters (AddParameter): Name = "Capacitance"; Value = "100nF"; VariantName = "[No Variations]"
Change component parameters (AddParameter): Name = "Case Code"; Value = "0603"; VariantName = "[No Variations]"
Change component parameters (AddParameter): Name = "Case Code (Imperial)"; Value = "0603"; VariantName = "[No Variations]"
Change component parameters (AddParameter): Name = "Case Code (Metric)"; Value = "1608"; VariantName = "[No Variations]"
Change component parameters (AddParameter): Name = "Case/Package"; Value = "0603"; VariantName = "[No Variations]"
Change component parameters (AddParameter): Name = "Category"; Value = "Ceramic Capacitors"; VariantName = "[No Variations]"
Change component parameters (AddParameter): Name = "ComponentLink1Description"; Value = "https://datasheet.ciiva.com/11786/0900766b802d4699-11786267.pdf?src-supplier=RSComponents"; VariantName = "[No Variations]"
Change component parameters (AddParameter): Name = "ComponentLink1URL"; Value = "https://datasheet.ciiva.com/11786/0900766b802d4699-11786267.pdf?src-supplier=RSComponents"; VariantName = "[No Variations]"
Change component parameters (AddParameter): Name = "ComponentLink2Description"; Value = "https://datasheet.ciiva.com/1124/318409-1124608.pdf?src-supplier=Element14"; VariantName = "[No Variations]"
Change component parameters (AddParameter): Name = "ComponentLink2URL"; Value = "https://datasheet.ciiva.com/1124/318409-1124608.pdf?src-supplier=Element14"; VariantName = "[No Variations]"
Change component parameters (AddParameter): Name = "ComponentLink3Description"; Value = "https://datasheet.ciiva.com/203/cy5v-203689.pdf?src-supplier=Digi-Key"; VariantName = "[No Variations]"
Change component parameters (AddParameter): Name = "ComponentLink3URL"; Value = "https://datasheet.ciiva.com/203/cy5v-203689.pdf?src-supplier=Digi-Key"; VariantName = "[No Variations]"
Change component parameters (AddParameter): Name = "ComponentLink4Description"; Value = "https://datasheet.ciiva.com/203/cy5v-203690.pdf?src-supplier=Digi-Key"; VariantName = "[No Variations]"
Change component parameters (AddParameter): Name = "ComponentLink4URL"; Value = "https://datasheet.ciiva.com/203/cy5v-203690.pdf?src-supplier=Digi-Key"; VariantName = "[No Variations]"
Change component parameters (AddParameter): Name = "ComponentLink5Description"; Value = "https://datasheet.ciiva.com/203/cy5v-203691.pdf?src-supplier=Digi-Key"; VariantName = "[No Variations]"
Change component parameters (AddParameter): Name = "ComponentLink5URL"; Value = "https://datasheet.ciiva.com/203/cy5v-203691.pdf?src-supplier=Digi-Key"; VariantName = "[No Variations]"
Change component parameters (AddParameter): Name = "ComponentLink6Description"; Value = "https://datasheet.ciiva.com/11464/cy5v-11464567.pdf?src-supplier=Avnet"; VariantName = "[No Variations]"
Change component parameters (AddParameter): Name = "ComponentLink6URL"; Value = "https://datasheet.ciiva.com/11464/cy5v-11464567.pdf?src-supplier=Avnet"; VariantName = "[No Variations]"
Change component parameters (AddParameter): Name = "ComponentLink7Description"; Value = "https://datasheet.ciiva.com/2987/cy5v-2987766.pdf?src-supplier=Avnet"; VariantName = "[No Variations]"
Change component parameters (AddParameter): Name = "ComponentLink7URL"; Value = "https://datasheet.ciiva.com/2987/cy5v-2987766.pdf?src-supplier=Avnet"; VariantName = "[No Variations]"
Change component parameters (AddParameter): Name = "ComponentLink8Description"; Value = "https://datasheet.ciiva.com/1124/578190-1124654.pdf?src-supplier=Element14"; VariantName = "[No Variations]"
Change component parameters (AddParameter): Name = "ComponentLink8URL"; Value = "https://datasheet.ciiva.com/1124/578190-1124654.pdf?src-supplier=Element14"; VariantName = "[No Variations]"
Change component parameters (AddParameter): Name = "ComponentLink9Description"; Value = "https://datasheet.ciiva.com/1124/578190-1124655.pdf?src-supplier=Element14"; VariantName = "[No Variations]"
Change component parameters (AddParameter): Name = "ComponentLink9URL"; Value = "https://datasheet.ciiva.com/1124/578190-1124655.pdf?src-supplier=Element14"; VariantName = "[No Variations]"
Change component parameters (AddParameter): Name = "ComponentLink10Description"; Value = "https://datasheet.ciiva.com/14590/70001073-14590664.pdf?src-supplier=Allied+Electronics"; VariantName = "[No Variations]"
Change component parameters (AddParameter): Name = "ComponentLink10URL"; Value = "https://datasheet.ciiva.com/14590/70001073-14590664.pdf?src-supplier=Allied+Electronics"; VariantName = "[No Variations]"
Change component parameters (AddParameter): Name = "ComponentLink11Description"; Value = "https://datasheet.ciiva.com/28613/578190-28613276.pdf?src-supplier=Element14"; VariantName = "[No Variations]"
Change component parameters (AddParameter): Name = "ComponentLink11URL"; Value = "https://datasheet.ciiva.com/28613/578190-28613276.pdf?src-supplier=Element14"; VariantName = "[No Variations]"
Change component parameters (AddParameter): Name = "ComponentLink12Description"; Value = "https://datasheet.ciiva.com/16484/cy5v-16484423.pdf?src-supplier=Avnet+Asia"; VariantName = "[No Variations]"
Change component parameters (AddParameter): Name = "ComponentLink12URL"; Value = "https://datasheet.ciiva.com/16484/cy5v-16484423.pdf?src-supplier=Avnet+Asia"; VariantName = "[No Variations]"
Change component parameters (AddParameter): Name = "Construction"; Value = "Flat"; VariantName = "[No Variations]"
Change component parameters (AddParameter): Name = "Contact Plating"; Value = "Tin,Matte"; VariantName = "[No Variations]"
Change component parameters (AddParameter): Name = "Depth"; Value = "0.81mm"; VariantName = "[No Variations]"
Change component parameters (AddParameter): Name = "Dielectric"; Value = "Y5V"; VariantName = "[No Variations]"
Change component parameters (AddParameter): Name = "Dissipation Factor"; Value = "7%"; VariantName = "[No Variations]"
Change component parameters (AddParameter): Name = "Height"; Value = "0.9mm"; VariantName = "[No Variations]"
Change component parameters (AddParameter): Name = "Insulation Resistance"; Value = "100GR"; VariantName = "[No Variations]"
Change component parameters (AddParameter): Name = "Lead Free"; Value = "Lead Free"; VariantName = "[No Variations]"
Change component parameters (AddParameter): Name = "Length"; Value = "1.6mm"; VariantName = "[No Variations]"
Change component parameters (AddParameter): Name = "Manufacturer"; Value = "Kyocera AVX"; VariantName = "[No Variations]"
Change component parameters (AddParameter): Name = "Manufacturer Part Number"; Value = "KGM15AV51E104ZT"; VariantName = "[No Variations]"
Change component parameters (AddParameter): Name = "Max Operating Temperature"; Value = "85°C"; VariantName = "[No Variations]"
Change component parameters (AddParameter): Name = "Min Operating Temperature"; Value = "-30°C"; VariantName = "[No Variations]"
Change component parameters (AddParameter): Name = "Mount"; Value = "Surface Mount,PCB"; VariantName = "[No Variations]"
Change component parameters (AddParameter): Name = "Number of Pins"; Value = "2"; VariantName = "[No Variations]"
Change component parameters (AddParameter): Name = "Package Quantity"; Value = "1"; VariantName = "[No Variations]"
Change component parameters (AddParameter): Name = "Packaging"; Value = "Tape and Reel"; VariantName = "[No Variations]"
Change component parameters (AddParameter): Name = "Radiation Hardening"; Value = "No"; VariantName = "[No Variations]"
Change component parameters (AddParameter): Name = "REACH SVHC"; Value = "No SVHC"; VariantName = "[No Variations]"
Change component parameters (AddParameter): Name = "RoHS"; Value = "Yes"; VariantName = "[No Variations]"
Change component parameters (AddParameter): Name = "RoHS Compliant"; Value = "Yes"; VariantName = "[No Variations]"
Change component parameters (AddParameter): Name = "Series"; Value = "-"; VariantName = "[No Variations]"
Change component parameters (AddParameter): Name = "Supplier 1"; Value = "DigiKey"; VariantName = "[No Variations]"
Change component parameters (AddParameter): Name = "Supplier Part Number 1"; Value = "478-KGM15AV51E104ZTCT-ND"; VariantName = "[No Variations]"
Change component parameters (AddParameter): Name = "Termination"; Value = "SMD/SMT"; VariantName = "[No Variations]"
Change component parameters (AddParameter): Name = "Thickness"; Value = "0.035inch"; VariantName = "[No Variations]"
Change component parameters (AddParameter): Name = "Tolerance"; Value = "80%"; VariantName = "[No Variations]"
Change component parameters (AddParameter): Name = "Voltage"; Value = "25V"; VariantName = "[No Variations]"
Change component parameters (AddParameter): Name = "Voltage Rating"; Value = "25V"; VariantName = "[No Variations]"
Change component parameters (AddParameter): Name = "Voltage Rating (DC)"; Value = "25V"; VariantName = "[No Variations]"
Change component parameters (AddParameter): Name = "Width"; Value = "0.032inch"; VariantName = "[No Variations]"
Change component parameters: Designator = "C26" ("C26"); Footprint = "CAP_0.1uF_0603"; UniqueID = "\BHZNRNLS" ("\BHZNRNLS")
Change component parameters (AddParameter): Name = "Capacitance"; Value = "100nF"; VariantName = "[No Variations]"
Change component parameters (AddParameter): Name = "Case Code"; Value = "0603"; VariantName = "[No Variations]"
Change component parameters (AddParameter): Name = "Case Code (Imperial)"; Value = "0603"; VariantName = "[No Variations]"
Change component parameters (AddParameter): Name = "Case Code (Metric)"; Value = "1608"; VariantName = "[No Variations]"
Change component parameters (AddParameter): Name = "Case/Package"; Value = "0603"; VariantName = "[No Variations]"
Change component parameters (AddParameter): Name = "Category"; Value = "Ceramic Capacitors"; VariantName = "[No Variations]"
Change component parameters (AddParameter): Name = "ComponentLink1Description"; Value = "https://datasheet.ciiva.com/11786/0900766b802d4699-11786267.pdf?src-supplier=RSComponents"; VariantName = "[No Variations]"
Change component parameters (AddParameter): Name = "ComponentLink1URL"; Value = "https://datasheet.ciiva.com/11786/0900766b802d4699-11786267.pdf?src-supplier=RSComponents"; VariantName = "[No Variations]"
Change component parameters (AddParameter): Name = "ComponentLink2Description"; Value = "https://datasheet.ciiva.com/1124/318409-1124608.pdf?src-supplier=Element14"; VariantName = "[No Variations]"
Change component parameters (AddParameter): Name = "ComponentLink2URL"; Value = "https://datasheet.ciiva.com/1124/318409-1124608.pdf?src-supplier=Element14"; VariantName = "[No Variations]"
Change component parameters (AddParameter): Name = "ComponentLink3Description"; Value = "https://datasheet.ciiva.com/203/cy5v-203689.pdf?src-supplier=Digi-Key"; VariantName = "[No Variations]"
Change component parameters (AddParameter): Name = "ComponentLink3URL"; Value = "https://datasheet.ciiva.com/203/cy5v-203689.pdf?src-supplier=Digi-Key"; VariantName = "[No Variations]"
Change component parameters (AddParameter): Name = "ComponentLink4Description"; Value = "https://datasheet.ciiva.com/203/cy5v-203690.pdf?src-supplier=Digi-Key"; VariantName = "[No Variations]"
Change component parameters (AddParameter): Name = "ComponentLink4URL"; Value = "https://datasheet.ciiva.com/203/cy5v-203690.pdf?src-supplier=Digi-Key"; VariantName = "[No Variations]"
Change component parameters (AddParameter): Name = "ComponentLink5Description"; Value = "https://datasheet.ciiva.com/203/cy5v-203691.pdf?src-supplier=Digi-Key"; VariantName = "[No Variations]"
Change component parameters (AddParameter): Name = "ComponentLink5URL"; Value = "https://datasheet.ciiva.com/203/cy5v-203691.pdf?src-supplier=Digi-Key"; VariantName = "[No Variations]"
Change component parameters (AddParameter): Name = "ComponentLink6Description"; Value = "https://datasheet.ciiva.com/11464/cy5v-11464567.pdf?src-supplier=Avnet"; VariantName = "[No Variations]"
Change component parameters (AddParameter): Name = "ComponentLink6URL"; Value = "https://datasheet.ciiva.com/11464/cy5v-11464567.pdf?src-supplier=Avnet"; VariantName = "[No Variations]"
Change component parameters (AddParameter): Name = "ComponentLink7Description"; Value = "https://datasheet.ciiva.com/2987/cy5v-2987766.pdf?src-supplier=Avnet"; VariantName = "[No Variations]"
Change component parameters (AddParameter): Name = "ComponentLink7URL"; Value = "https://datasheet.ciiva.com/2987/cy5v-2987766.pdf?src-supplier=Avnet"; VariantName = "[No Variations]"
Change component parameters (AddParameter): Name = "ComponentLink8Description"; Value = "https://datasheet.ciiva.com/1124/578190-1124654.pdf?src-supplier=Element14"; VariantName = "[No Variations]"
Change component parameters (AddParameter): Name = "ComponentLink8URL"; Value = "https://datasheet.ciiva.com/1124/578190-1124654.pdf?src-supplier=Element14"; VariantName = "[No Variations]"
Change component parameters (AddParameter): Name = "ComponentLink9Description"; Value = "https://datasheet.ciiva.com/1124/578190-1124655.pdf?src-supplier=Element14"; VariantName = "[No Variations]"
Change component parameters (AddParameter): Name = "ComponentLink9URL"; Value = "https://datasheet.ciiva.com/1124/578190-1124655.pdf?src-supplier=Element14"; VariantName = "[No Variations]"
Change component parameters (AddParameter): Name = "ComponentLink10Description"; Value = "https://datasheet.ciiva.com/14590/70001073-14590664.pdf?src-supplier=Allied+Electronics"; VariantName = "[No Variations]"
Change component parameters (AddParameter): Name = "ComponentLink10URL"; Value = "https://datasheet.ciiva.com/14590/70001073-14590664.pdf?src-supplier=Allied+Electronics"; VariantName = "[No Variations]"
Change component parameters (AddParameter): Name = "ComponentLink11Description"; Value = "https://datasheet.ciiva.com/28613/578190-28613276.pdf?src-supplier=Element14"; VariantName = "[No Variations]"
Change component parameters (AddParameter): Name = "ComponentLink11URL"; Value = "https://datasheet.ciiva.com/28613/578190-28613276.pdf?src-supplier=Element14"; VariantName = "[No Variations]"
Change component parameters (AddParameter): Name = "ComponentLink12Description"; Value = "https://datasheet.ciiva.com/16484/cy5v-16484423.pdf?src-supplier=Avnet+Asia"; VariantName = "[No Variations]"
Change component parameters (AddParameter): Name = "ComponentLink12URL"; Value = "https://datasheet.ciiva.com/16484/cy5v-16484423.pdf?src-supplier=Avnet+Asia"; VariantName = "[No Variations]"
Change component parameters (AddParameter): Name = "Construction"; Value = "Flat"; VariantName = "[No Variations]"
Change component parameters (AddParameter): Name = "Contact Plating"; Value = "Tin,Matte"; VariantName = "[No Variations]"
Change component parameters (AddParameter): Name = "Depth"; Value = "0.81mm"; VariantName = "[No Variations]"
Change component parameters (AddParameter): Name = "Dielectric"; Value = "Y5V"; VariantName = "[No Variations]"
Change component parameters (AddParameter): Name = "Dissipation Factor"; Value = "7%"; VariantName = "[No Variations]"
Change component parameters (AddParameter): Name = "Height"; Value = "0.9mm"; VariantName = "[No Variations]"
Change component parameters (AddParameter): Name = "Insulation Resistance"; Value = "100GR"; VariantName = "[No Variations]"
Change component parameters (AddParameter): Name = "Lead Free"; Value = "Lead Free"; VariantName = "[No Variations]"
Change component parameters (AddParameter): Name = "Length"; Value = "1.6mm"; VariantName = "[No Variations]"
Change component parameters (AddParameter): Name = "Manufacturer"; Value = "Kyocera AVX"; VariantName = "[No Variations]"
Change component parameters (AddParameter): Name = "Manufacturer Part Number"; Value = "KGM15AV51E104ZT"; VariantName = "[No Variations]"
Change component parameters (AddParameter): Name = "Max Operating Temperature"; Value = "85°C"; VariantName = "[No Variations]"
Change component parameters (AddParameter): Name = "Min Operating Temperature"; Value = "-30°C"; VariantName = "[No Variations]"
Change component parameters (AddParameter): Name = "Mount"; Value = "Surface Mount,PCB"; VariantName = "[No Variations]"
Change component parameters (AddParameter): Name = "Number of Pins"; Value = "2"; VariantName = "[No Variations]"
Change component parameters (AddParameter): Name = "Package Quantity"; Value = "1"; VariantName = "[No Variations]"
Change component parameters (AddParameter): Name = "Packaging"; Value = "Tape and Reel"; VariantName = "[No Variations]"
Change component parameters (AddParameter): Name = "Radiation Hardening"; Value = "No"; VariantName = "[No Variations]"
Change component parameters (AddParameter): Name = "REACH SVHC"; Value = "No SVHC"; VariantName = "[No Variations]"
Change component parameters (AddParameter): Name = "RoHS"; Value = "Yes"; VariantName = "[No Variations]"
Change component parameters (AddParameter): Name = "RoHS Compliant"; Value = "Yes"; VariantName = "[No Variations]"
Change component parameters (AddParameter): Name = "Series"; Value = "-"; VariantName = "[No Variations]"
Change component parameters (AddParameter): Name = "Supplier 1"; Value = "DigiKey"; VariantName = "[No Variations]"
Change component parameters (AddParameter): Name = "Supplier Part Number 1"; Value = "478-KGM15AV51E104ZTCT-ND"; VariantName = "[No Variations]"
Change component parameters (AddParameter): Name = "Termination"; Value = "SMD/SMT"; VariantName = "[No Variations]"
Change component parameters (AddParameter): Name = "Thickness"; Value = "0.035inch"; VariantName = "[No Variations]"
Change component parameters (AddParameter): Name = "Tolerance"; Value = "80%"; VariantName = "[No Variations]"
Change component parameters (AddParameter): Name = "Voltage"; Value = "25V"; VariantName = "[No Variations]"
Change component parameters (AddParameter): Name = "Voltage Rating"; Value = "25V"; VariantName = "[No Variations]"
Change component parameters (AddParameter): Name = "Voltage Rating (DC)"; Value = "25V"; VariantName = "[No Variations]"
Change component parameters (AddParameter): Name = "Width"; Value = "0.032inch"; VariantName = "[No Variations]"
Change component parameters: Designator = "C28" ("C28"); Footprint = "CAP-0603"; UniqueID = "\HEZZLNND" ("\HEZZLNND")
Change component parameters (AddParameter): Name = "Manufacturer"; Value = "Taiyo Yuden"; VariantName = "[No Variations]"
Change component parameters (AddParameter): Name = "Manufacturer Link"; Value = "https://www.yuden.co.jp/productdata/catalog/mlcc06_e.pdf"; VariantName = "[No Variations]"
Change component parameters (AddParameter): Name = "Manufacturer Part Number"; Value = "EMK107BB7225KA-T"; VariantName = "[No Variations]"
Change component parameters (AddParameter): Name = "RoHS"; Value = "ROHS3 Compliant"; VariantName = "[No Variations]"
Change component parameters (AddParameter): Name = "Supplier 1"; Value = "Digi-Key"; VariantName = "[No Variations]"
Change component parameters (AddParameter): Name = "Supplier 2"; Value = "Mouser"; VariantName = "[No Variations]"
Change component parameters (AddParameter): Name = "Supplier Part Number 1"; Value = "587-5835-1-ND"; VariantName = "[No Variations]"
Change component parameters (AddParameter): Name = "Supplier Part Number 2"; Value = "81-GRM188R71A225KE15"; VariantName = "[No Variations]"
Change component parameters (AddParameter): Name = "Temperature Range"; Value = "-55°C ~ 125°C"; VariantName = "[No Variations]"
Change component parameters (AddParameter): Name = "Value"; Value = "2.2uF"; VariantName = "[No Variations]"
Change component parameters: Designator = "C34" ("C34"); Footprint = "CAP_0.1uF_0603"; UniqueID = "\PNRDIVMB" ("\PNRDIVMB")
Change component parameters (AddParameter): Name = "Capacitance"; Value = "100nF"; VariantName = "[No Variations]"
Change component parameters (AddParameter): Name = "Case Code"; Value = "0603"; VariantName = "[No Variations]"
Change component parameters (AddParameter): Name = "Case Code (Imperial)"; Value = "0603"; VariantName = "[No Variations]"
Change component parameters (AddParameter): Name = "Case Code (Metric)"; Value = "1608"; VariantName = "[No Variations]"
Change component parameters (AddParameter): Name = "Case/Package"; Value = "0603"; VariantName = "[No Variations]"
Change component parameters (AddParameter): Name = "Category"; Value = "Ceramic Capacitors"; VariantName = "[No Variations]"
Change component parameters (AddParameter): Name = "ComponentLink1Description"; Value = "https://datasheet.ciiva.com/11786/0900766b802d4699-11786267.pdf?src-supplier=RSComponents"; VariantName = "[No Variations]"
Change component parameters (AddParameter): Name = "ComponentLink1URL"; Value = "https://datasheet.ciiva.com/11786/0900766b802d4699-11786267.pdf?src-supplier=RSComponents"; VariantName = "[No Variations]"
Change component parameters (AddParameter): Name = "ComponentLink2Description"; Value = "https://datasheet.ciiva.com/1124/318409-1124608.pdf?src-supplier=Element14"; VariantName = "[No Variations]"
Change component parameters (AddParameter): Name = "ComponentLink2URL"; Value = "https://datasheet.ciiva.com/1124/318409-1124608.pdf?src-supplier=Element14"; VariantName = "[No Variations]"
Change component parameters (AddParameter): Name = "ComponentLink3Description"; Value = "https://datasheet.ciiva.com/203/cy5v-203689.pdf?src-supplier=Digi-Key"; VariantName = "[No Variations]"
Change component parameters (AddParameter): Name = "ComponentLink3URL"; Value = "https://datasheet.ciiva.com/203/cy5v-203689.pdf?src-supplier=Digi-Key"; VariantName = "[No Variations]"
Change component parameters (AddParameter): Name = "ComponentLink4Description"; Value = "https://datasheet.ciiva.com/203/cy5v-203690.pdf?src-supplier=Digi-Key"; VariantName = "[No Variations]"
Change component parameters (AddParameter): Name = "ComponentLink4URL"; Value = "https://datasheet.ciiva.com/203/cy5v-203690.pdf?src-supplier=Digi-Key"; VariantName = "[No Variations]"
Change component parameters (AddParameter): Name = "ComponentLink5Description"; Value = "https://datasheet.ciiva.com/203/cy5v-203691.pdf?src-supplier=Digi-Key"; VariantName = "[No Variations]"
Change component parameters (AddParameter): Name = "ComponentLink5URL"; Value = "https://datasheet.ciiva.com/203/cy5v-203691.pdf?src-supplier=Digi-Key"; VariantName = "[No Variations]"
Change component parameters (AddParameter): Name = "ComponentLink6Description"; Value = "https://datasheet.ciiva.com/11464/cy5v-11464567.pdf?src-supplier=Avnet"; VariantName = "[No Variations]"
Change component parameters (AddParameter): Name = "ComponentLink6URL"; Value = "https://datasheet.ciiva.com/11464/cy5v-11464567.pdf?src-supplier=Avnet"; VariantName = "[No Variations]"
Change component parameters (AddParameter): Name = "ComponentLink7Description"; Value = "https://datasheet.ciiva.com/2987/cy5v-2987766.pdf?src-supplier=Avnet"; VariantName = "[No Variations]"
Change component parameters (AddParameter): Name = "ComponentLink7URL"; Value = "https://datasheet.ciiva.com/2987/cy5v-2987766.pdf?src-supplier=Avnet"; VariantName = "[No Variations]"
Change component parameters (AddParameter): Name = "ComponentLink8Description"; Value = "https://datasheet.ciiva.com/1124/578190-1124654.pdf?src-supplier=Element14"; VariantName = "[No Variations]"
Change component parameters (AddParameter): Name = "ComponentLink8URL"; Value = "https://datasheet.ciiva.com/1124/578190-1124654.pdf?src-supplier=Element14"; VariantName = "[No Variations]"
Change component parameters (AddParameter): Name = "ComponentLink9Description"; Value = "https://datasheet.ciiva.com/1124/578190-1124655.pdf?src-supplier=Element14"; VariantName = "[No Variations]"
Change component parameters (AddParameter): Name = "ComponentLink9URL"; Value = "https://datasheet.ciiva.com/1124/578190-1124655.pdf?src-supplier=Element14"; VariantName = "[No Variations]"
Change component parameters (AddParameter): Name = "ComponentLink10Description"; Value = "https://datasheet.ciiva.com/14590/70001073-14590664.pdf?src-supplier=Allied+Electronics"; VariantName = "[No Variations]"
Change component parameters (AddParameter): Name = "ComponentLink10URL"; Value = "https://datasheet.ciiva.com/14590/70001073-14590664.pdf?src-supplier=Allied+Electronics"; VariantName = "[No Variations]"
Change component parameters (AddParameter): Name = "ComponentLink11Description"; Value = "https://datasheet.ciiva.com/28613/578190-28613276.pdf?src-supplier=Element14"; VariantName = "[No Variations]"
Change component parameters (AddParameter): Name = "ComponentLink11URL"; Value = "https://datasheet.ciiva.com/28613/578190-28613276.pdf?src-supplier=Element14"; VariantName = "[No Variations]"
Change component parameters (AddParameter): Name = "ComponentLink12Description"; Value = "https://datasheet.ciiva.com/16484/cy5v-16484423.pdf?src-supplier=Avnet+Asia"; VariantName = "[No Variations]"
Change component parameters (AddParameter): Name = "ComponentLink12URL"; Value = "https://datasheet.ciiva.com/16484/cy5v-16484423.pdf?src-supplier=Avnet+Asia"; VariantName = "[No Variations]"
Change component parameters (AddParameter): Name = "Construction"; Value = "Flat"; VariantName = "[No Variations]"
Change component parameters (AddParameter): Name = "Contact Plating"; Value = "Tin,Matte"; VariantName = "[No Variations]"
Change component parameters (AddParameter): Name = "Depth"; Value = "0.81mm"; VariantName = "[No Variations]"
Change component parameters (AddParameter): Name = "Dielectric"; Value = "Y5V"; VariantName = "[No Variations]"
Change component parameters (AddParameter): Name = "Dissipation Factor"; Value = "7%"; VariantName = "[No Variations]"
Change component parameters (AddParameter): Name = "Height"; Value = "0.9mm"; VariantName = "[No Variations]"
Change component parameters (AddParameter): Name = "Insulation Resistance"; Value = "100GR"; VariantName = "[No Variations]"
Change component parameters (AddParameter): Name = "Lead Free"; Value = "Lead Free"; VariantName = "[No Variations]"
Change component parameters (AddParameter): Name = "Length"; Value = "1.6mm"; VariantName = "[No Variations]"
Change component parameters (AddParameter): Name = "Manufacturer"; Value = "Kyocera AVX"; VariantName = "[No Variations]"
Change component parameters (AddParameter): Name = "Manufacturer Part Number"; Value = "KGM15AV51E104ZT"; VariantName = "[No Variations]"
Change component parameters (AddParameter): Name = "Max Operating Temperature"; Value = "85°C"; VariantName = "[No Variations]"
Change component parameters (AddParameter): Name = "Min Operating Temperature"; Value = "-30°C"; VariantName = "[No Variations]"
Change component parameters (AddParameter): Name = "Mount"; Value = "Surface Mount,PCB"; VariantName = "[No Variations]"
Change component parameters (AddParameter): Name = "Number of Pins"; Value = "2"; VariantName = "[No Variations]"
Change component parameters (AddParameter): Name = "Package Quantity"; Value = "1"; VariantName = "[No Variations]"
Change component parameters (AddParameter): Name = "Packaging"; Value = "Tape and Reel"; VariantName = "[No Variations]"
Change component parameters (AddParameter): Name = "Radiation Hardening"; Value = "No"; VariantName = "[No Variations]"
Change component parameters (AddParameter): Name = "REACH SVHC"; Value = "No SVHC"; VariantName = "[No Variations]"
Change component parameters (AddParameter): Name = "RoHS"; Value = "Yes"; VariantName = "[No Variations]"
Change component parameters (AddParameter): Name = "RoHS Compliant"; Value = "Yes"; VariantName = "[No Variations]"
Change component parameters (AddParameter): Name = "Series"; Value = "-"; VariantName = "[No Variations]"
Change component parameters (AddParameter): Name = "Supplier 1"; Value = "DigiKey"; VariantName = "[No Variations]"
Change component parameters (AddParameter): Name = "Supplier Part Number 1"; Value = "478-KGM15AV51E104ZTCT-ND"; VariantName = "[No Variations]"
Change component parameters (AddParameter): Name = "Termination"; Value = "SMD/SMT"; VariantName = "[No Variations]"
Change component parameters (AddParameter): Name = "Thickness"; Value = "0.035inch"; VariantName = "[No Variations]"
Change component parameters (AddParameter): Name = "Tolerance"; Value = "80%"; VariantName = "[No Variations]"
Change component parameters (AddParameter): Name = "Voltage"; Value = "25V"; VariantName = "[No Variations]"
Change component parameters (AddParameter): Name = "Voltage Rating"; Value = "25V"; VariantName = "[No Variations]"
Change component parameters (AddParameter): Name = "Voltage Rating (DC)"; Value = "25V"; VariantName = "[No Variations]"
Change component parameters (AddParameter): Name = "Width"; Value = "0.032inch"; VariantName = "[No Variations]"
Change component parameters: Designator = "C40" ("C40"); Footprint = "CAP_0.1uF_0603"; UniqueID = "\UDKZSEUT" ("\UDKZSEUT")
Change component parameters (AddParameter): Name = "Capacitance"; Value = "100nF"; VariantName = "[No Variations]"
Change component parameters (AddParameter): Name = "Case Code"; Value = "0603"; VariantName = "[No Variations]"
Change component parameters (AddParameter): Name = "Case Code (Imperial)"; Value = "0603"; VariantName = "[No Variations]"
Change component parameters (AddParameter): Name = "Case Code (Metric)"; Value = "1608"; VariantName = "[No Variations]"
Change component parameters (AddParameter): Name = "Case/Package"; Value = "0603"; VariantName = "[No Variations]"
Change component parameters (AddParameter): Name = "Category"; Value = "Ceramic Capacitors"; VariantName = "[No Variations]"
Change component parameters (AddParameter): Name = "ComponentLink1Description"; Value = "https://datasheet.ciiva.com/11786/0900766b802d4699-11786267.pdf?src-supplier=RSComponents"; VariantName = "[No Variations]"
Change component parameters (AddParameter): Name = "ComponentLink1URL"; Value = "https://datasheet.ciiva.com/11786/0900766b802d4699-11786267.pdf?src-supplier=RSComponents"; VariantName = "[No Variations]"
Change component parameters (AddParameter): Name = "ComponentLink2Description"; Value = "https://datasheet.ciiva.com/1124/318409-1124608.pdf?src-supplier=Element14"; VariantName = "[No Variations]"
Change component parameters (AddParameter): Name = "ComponentLink2URL"; Value = "https://datasheet.ciiva.com/1124/318409-1124608.pdf?src-supplier=Element14"; VariantName = "[No Variations]"
Change component parameters (AddParameter): Name = "ComponentLink3Description"; Value = "https://datasheet.ciiva.com/203/cy5v-203689.pdf?src-supplier=Digi-Key"; VariantName = "[No Variations]"
Change component parameters (AddParameter): Name = "ComponentLink3URL"; Value = "https://datasheet.ciiva.com/203/cy5v-203689.pdf?src-supplier=Digi-Key"; VariantName = "[No Variations]"
Change component parameters (AddParameter): Name = "ComponentLink4Description"; Value = "https://datasheet.ciiva.com/203/cy5v-203690.pdf?src-supplier=Digi-Key"; VariantName = "[No Variations]"
Change component parameters (AddParameter): Name = "ComponentLink4URL"; Value = "https://datasheet.ciiva.com/203/cy5v-203690.pdf?src-supplier=Digi-Key"; VariantName = "[No Variations]"
Change component parameters (AddParameter): Name = "ComponentLink5Description"; Value = "https://datasheet.ciiva.com/203/cy5v-203691.pdf?src-supplier=Digi-Key"; VariantName = "[No Variations]"
Change component parameters (AddParameter): Name = "ComponentLink5URL"; Value = "https://datasheet.ciiva.com/203/cy5v-203691.pdf?src-supplier=Digi-Key"; VariantName = "[No Variations]"
Change component parameters (AddParameter): Name = "ComponentLink6Description"; Value = "https://datasheet.ciiva.com/11464/cy5v-11464567.pdf?src-supplier=Avnet"; VariantName = "[No Variations]"
Change component parameters (AddParameter): Name = "ComponentLink6URL"; Value = "https://datasheet.ciiva.com/11464/cy5v-11464567.pdf?src-supplier=Avnet"; VariantName = "[No Variations]"
Change component parameters (AddParameter): Name = "ComponentLink7Description"; Value = "https://datasheet.ciiva.com/2987/cy5v-2987766.pdf?src-supplier=Avnet"; VariantName = "[No Variations]"
Change component parameters (AddParameter): Name = "ComponentLink7URL"; Value = "https://datasheet.ciiva.com/2987/cy5v-2987766.pdf?src-supplier=Avnet"; VariantName = "[No Variations]"
Change component parameters (AddParameter): Name = "ComponentLink8Description"; Value = "https://datasheet.ciiva.com/1124/578190-1124654.pdf?src-supplier=Element14"; VariantName = "[No Variations]"
Change component parameters (AddParameter): Name = "ComponentLink8URL"; Value = "https://datasheet.ciiva.com/1124/578190-1124654.pdf?src-supplier=Element14"; VariantName = "[No Variations]"
Change component parameters (AddParameter): Name = "ComponentLink9Description"; Value = "https://datasheet.ciiva.com/1124/578190-1124655.pdf?src-supplier=Element14"; VariantName = "[No Variations]"
Change component parameters (AddParameter): Name = "ComponentLink9URL"; Value = "https://datasheet.ciiva.com/1124/578190-1124655.pdf?src-supplier=Element14"; VariantName = "[No Variations]"
Change component parameters (AddParameter): Name = "ComponentLink10Description"; Value = "https://datasheet.ciiva.com/14590/70001073-14590664.pdf?src-supplier=Allied+Electronics"; VariantName = "[No Variations]"
Change component parameters (AddParameter): Name = "ComponentLink10URL"; Value = "https://datasheet.ciiva.com/14590/70001073-14590664.pdf?src-supplier=Allied+Electronics"; VariantName = "[No Variations]"
Change component parameters (AddParameter): Name = "ComponentLink11Description"; Value = "https://datasheet.ciiva.com/28613/578190-28613276.pdf?src-supplier=Element14"; VariantName = "[No Variations]"
Change component parameters (AddParameter): Name = "ComponentLink11URL"; Value = "https://datasheet.ciiva.com/28613/578190-28613276.pdf?src-supplier=Element14"; VariantName = "[No Variations]"
Change component parameters (AddParameter): Name = "ComponentLink12Description"; Value = "https://datasheet.ciiva.com/16484/cy5v-16484423.pdf?src-supplier=Avnet+Asia"; VariantName = "[No Variations]"
Change component parameters (AddParameter): Name = "ComponentLink12URL"; Value = "https://datasheet.ciiva.com/16484/cy5v-16484423.pdf?src-supplier=Avnet+Asia"; VariantName = "[No Variations]"
Change component parameters (AddParameter): Name = "Construction"; Value = "Flat"; VariantName = "[No Variations]"
Change component parameters (AddParameter): Name = "Contact Plating"; Value = "Tin,Matte"; VariantName = "[No Variations]"
Change component parameters (AddParameter): Name = "Depth"; Value = "0.81mm"; VariantName = "[No Variations]"
Change component parameters (AddParameter): Name = "Dielectric"; Value = "Y5V"; VariantName = "[No Variations]"
Change component parameters (AddParameter): Name = "Dissipation Factor"; Value = "7%"; VariantName = "[No Variations]"
Change component parameters (AddParameter): Name = "Height"; Value = "0.9mm"; VariantName = "[No Variations]"
Change component parameters (AddParameter): Name = "Insulation Resistance"; Value = "100GR"; VariantName = "[No Variations]"
Change component parameters (AddParameter): Name = "Lead Free"; Value = "Lead Free"; VariantName = "[No Variations]"
Change component parameters (AddParameter): Name = "Length"; Value = "1.6mm"; VariantName = "[No Variations]"
Change component parameters (AddParameter): Name = "Manufacturer"; Value = "Kyocera AVX"; VariantName = "[No Variations]"
Change component parameters (AddParameter): Name = "Manufacturer Part Number"; Value = "KGM15AV51E104ZT"; VariantName = "[No Variations]"
Change component parameters (AddParameter): Name = "Max Operating Temperature"; Value = "85°C"; VariantName = "[No Variations]"
Change component parameters (AddParameter): Name = "Min Operating Temperature"; Value = "-30°C"; VariantName = "[No Variations]"
Change component parameters (AddParameter): Name = "Mount"; Value = "Surface Mount,PCB"; VariantName = "[No Variations]"
Change component parameters (AddParameter): Name = "Number of Pins"; Value = "2"; VariantName = "[No Variations]"
Change component parameters (AddParameter): Name = "Package Quantity"; Value = "1"; VariantName = "[No Variations]"
Change component parameters (AddParameter): Name = "Packaging"; Value = "Tape and Reel"; VariantName = "[No Variations]"
Change component parameters (AddParameter): Name = "Radiation Hardening"; Value = "No"; VariantName = "[No Variations]"
Change component parameters (AddParameter): Name = "REACH SVHC"; Value = "No SVHC"; VariantName = "[No Variations]"
Change component parameters (AddParameter): Name = "RoHS"; Value = "Yes"; VariantName = "[No Variations]"
Change component parameters (AddParameter): Name = "RoHS Compliant"; Value = "Yes"; VariantName = "[No Variations]"
Change component parameters (AddParameter): Name = "Series"; Value = "-"; VariantName = "[No Variations]"
Change component parameters (AddParameter): Name = "Supplier 1"; Value = "DigiKey"; VariantName = "[No Variations]"
Change component parameters (AddParameter): Name = "Supplier Part Number 1"; Value = "478-KGM15AV51E104ZTCT-ND"; VariantName = "[No Variations]"
Change component parameters (AddParameter): Name = "Termination"; Value = "SMD/SMT"; VariantName = "[No Variations]"
Change component parameters (AddParameter): Name = "Thickness"; Value = "0.035inch"; VariantName = "[No Variations]"
Change component parameters (AddParameter): Name = "Tolerance"; Value = "80%"; VariantName = "[No Variations]"
Change component parameters (AddParameter): Name = "Voltage"; Value = "25V"; VariantName = "[No Variations]"
Change component parameters (AddParameter): Name = "Voltage Rating"; Value = "25V"; VariantName = "[No Variations]"
Change component parameters (AddParameter): Name = "Voltage Rating (DC)"; Value = "25V"; VariantName = "[No Variations]"
Change component parameters (AddParameter): Name = "Width"; Value = "0.032inch"; VariantName = "[No Variations]"
Change component parameters: Designator = "C43" ("C43"); Footprint = "CAP_0.1uF_0603"; UniqueID = "\AURRSAKS" ("\AURRSAKS")
Change component parameters (AddParameter): Name = "Capacitance"; Value = "100nF"; VariantName = "[No Variations]"
Change component parameters (AddParameter): Name = "Case Code"; Value = "0603"; VariantName = "[No Variations]"
Change component parameters (AddParameter): Name = "Case Code (Imperial)"; Value = "0603"; VariantName = "[No Variations]"
Change component parameters (AddParameter): Name = "Case Code (Metric)"; Value = "1608"; VariantName = "[No Variations]"
Change component parameters (AddParameter): Name = "Case/Package"; Value = "0603"; VariantName = "[No Variations]"
Change component parameters (AddParameter): Name = "Category"; Value = "Ceramic Capacitors"; VariantName = "[No Variations]"
Change component parameters (AddParameter): Name = "ComponentLink1Description"; Value = "https://datasheet.ciiva.com/11786/0900766b802d4699-11786267.pdf?src-supplier=RSComponents"; VariantName = "[No Variations]"
Change component parameters (AddParameter): Name = "ComponentLink1URL"; Value = "https://datasheet.ciiva.com/11786/0900766b802d4699-11786267.pdf?src-supplier=RSComponents"; VariantName = "[No Variations]"
Change component parameters (AddParameter): Name = "ComponentLink2Description"; Value = "https://datasheet.ciiva.com/1124/318409-1124608.pdf?src-supplier=Element14"; VariantName = "[No Variations]"
Change component parameters (AddParameter): Name = "ComponentLink2URL"; Value = "https://datasheet.ciiva.com/1124/318409-1124608.pdf?src-supplier=Element14"; VariantName = "[No Variations]"
Change component parameters (AddParameter): Name = "ComponentLink3Description"; Value = "https://datasheet.ciiva.com/203/cy5v-203689.pdf?src-supplier=Digi-Key"; VariantName = "[No Variations]"
Change component parameters (AddParameter): Name = "ComponentLink3URL"; Value = "https://datasheet.ciiva.com/203/cy5v-203689.pdf?src-supplier=Digi-Key"; VariantName = "[No Variations]"
Change component parameters (AddParameter): Name = "ComponentLink4Description"; Value = "https://datasheet.ciiva.com/203/cy5v-203690.pdf?src-supplier=Digi-Key"; VariantName = "[No Variations]"
Change component parameters (AddParameter): Name = "ComponentLink4URL"; Value = "https://datasheet.ciiva.com/203/cy5v-203690.pdf?src-supplier=Digi-Key"; VariantName = "[No Variations]"
Change component parameters (AddParameter): Name = "ComponentLink5Description"; Value = "https://datasheet.ciiva.com/203/cy5v-203691.pdf?src-supplier=Digi-Key"; VariantName = "[No Variations]"
Change component parameters (AddParameter): Name = "ComponentLink5URL"; Value = "https://datasheet.ciiva.com/203/cy5v-203691.pdf?src-supplier=Digi-Key"; VariantName = "[No Variations]"
Change component parameters (AddParameter): Name = "ComponentLink6Description"; Value = "https://datasheet.ciiva.com/11464/cy5v-11464567.pdf?src-supplier=Avnet"; VariantName = "[No Variations]"
Change component parameters (AddParameter): Name = "ComponentLink6URL"; Value = "https://datasheet.ciiva.com/11464/cy5v-11464567.pdf?src-supplier=Avnet"; VariantName = "[No Variations]"
Change component parameters (AddParameter): Name = "ComponentLink7Description"; Value = "https://datasheet.ciiva.com/2987/cy5v-2987766.pdf?src-supplier=Avnet"; VariantName = "[No Variations]"
Change component parameters (AddParameter): Name = "ComponentLink7URL"; Value = "https://datasheet.ciiva.com/2987/cy5v-2987766.pdf?src-supplier=Avnet"; VariantName = "[No Variations]"
Change component parameters (AddParameter): Name = "ComponentLink8Description"; Value = "https://datasheet.ciiva.com/1124/578190-1124654.pdf?src-supplier=Element14"; VariantName = "[No Variations]"
Change component parameters (AddParameter): Name = "ComponentLink8URL"; Value = "https://datasheet.ciiva.com/1124/578190-1124654.pdf?src-supplier=Element14"; VariantName = "[No Variations]"
Change component parameters (AddParameter): Name = "ComponentLink9Description"; Value = "https://datasheet.ciiva.com/1124/578190-1124655.pdf?src-supplier=Element14"; VariantName = "[No Variations]"
Change component parameters (AddParameter): Name = "ComponentLink9URL"; Value = "https://datasheet.ciiva.com/1124/578190-1124655.pdf?src-supplier=Element14"; VariantName = "[No Variations]"
Change component parameters (AddParameter): Name = "ComponentLink10Description"; Value = "https://datasheet.ciiva.com/14590/70001073-14590664.pdf?src-supplier=Allied+Electronics"; VariantName = "[No Variations]"
Change component parameters (AddParameter): Name = "ComponentLink10URL"; Value = "https://datasheet.ciiva.com/14590/70001073-14590664.pdf?src-supplier=Allied+Electronics"; VariantName = "[No Variations]"
Change component parameters (AddParameter): Name = "ComponentLink11Description"; Value = "https://datasheet.ciiva.com/28613/578190-28613276.pdf?src-supplier=Element14"; VariantName = "[No Variations]"
Change component parameters (AddParameter): Name = "ComponentLink11URL"; Value = "https://datasheet.ciiva.com/28613/578190-28613276.pdf?src-supplier=Element14"; VariantName = "[No Variations]"
Change component parameters (AddParameter): Name = "ComponentLink12Description"; Value = "https://datasheet.ciiva.com/16484/cy5v-16484423.pdf?src-supplier=Avnet+Asia"; VariantName = "[No Variations]"
Change component parameters (AddParameter): Name = "ComponentLink12URL"; Value = "https://datasheet.ciiva.com/16484/cy5v-16484423.pdf?src-supplier=Avnet+Asia"; VariantName = "[No Variations]"
Change component parameters (AddParameter): Name = "Construction"; Value = "Flat"; VariantName = "[No Variations]"
Change component parameters (AddParameter): Name = "Contact Plating"; Value = "Tin,Matte"; VariantName = "[No Variations]"
Change component parameters (AddParameter): Name = "Depth"; Value = "0.81mm"; VariantName = "[No Variations]"
Change component parameters (AddParameter): Name = "Dielectric"; Value = "Y5V"; VariantName = "[No Variations]"
Change component parameters (AddParameter): Name = "Dissipation Factor"; Value = "7%"; VariantName = "[No Variations]"
Change component parameters (AddParameter): Name = "Height"; Value = "0.9mm"; VariantName = "[No Variations]"
Change component parameters (AddParameter): Name = "Insulation Resistance"; Value = "100GR"; VariantName = "[No Variations]"
Change component parameters (AddParameter): Name = "Lead Free"; Value = "Lead Free"; VariantName = "[No Variations]"
Change component parameters (AddParameter): Name = "Length"; Value = "1.6mm"; VariantName = "[No Variations]"
Change component parameters (AddParameter): Name = "Manufacturer"; Value = "Kyocera AVX"; VariantName = "[No Variations]"
Change component parameters (AddParameter): Name = "Manufacturer Part Number"; Value = "KGM15AV51E104ZT"; VariantName = "[No Variations]"
Change component parameters (AddParameter): Name = "Max Operating Temperature"; Value = "85°C"; VariantName = "[No Variations]"
Change component parameters (AddParameter): Name = "Min Operating Temperature"; Value = "-30°C"; VariantName = "[No Variations]"
Change component parameters (AddParameter): Name = "Mount"; Value = "Surface Mount,PCB"; VariantName = "[No Variations]"
Change component parameters (AddParameter): Name = "Number of Pins"; Value = "2"; VariantName = "[No Variations]"
Change component parameters (AddParameter): Name = "Package Quantity"; Value = "1"; VariantName = "[No Variations]"
Change component parameters (AddParameter): Name = "Packaging"; Value = "Tape and Reel"; VariantName = "[No Variations]"
Change component parameters (AddParameter): Name = "Radiation Hardening"; Value = "No"; VariantName = "[No Variations]"
Change component parameters (AddParameter): Name = "REACH SVHC"; Value = "No SVHC"; VariantName = "[No Variations]"
Change component parameters (AddParameter): Name = "RoHS"; Value = "Yes"; VariantName = "[No Variations]"
Change component parameters (AddParameter): Name = "RoHS Compliant"; Value = "Yes"; VariantName = "[No Variations]"
Change component parameters (AddParameter): Name = "Series"; Value = "-"; VariantName = "[No Variations]"
Change component parameters (AddParameter): Name = "Supplier 1"; Value = "DigiKey"; VariantName = "[No Variations]"
Change component parameters (AddParameter): Name = "Supplier Part Number 1"; Value = "478-KGM15AV51E104ZTCT-ND"; VariantName = "[No Variations]"
Change component parameters (AddParameter): Name = "Termination"; Value = "SMD/SMT"; VariantName = "[No Variations]"
Change component parameters (AddParameter): Name = "Thickness"; Value = "0.035inch"; VariantName = "[No Variations]"
Change component parameters (AddParameter): Name = "Tolerance"; Value = "80%"; VariantName = "[No Variations]"
Change component parameters (AddParameter): Name = "Voltage"; Value = "25V"; VariantName = "[No Variations]"
Change component parameters (AddParameter): Name = "Voltage Rating"; Value = "25V"; VariantName = "[No Variations]"
Change component parameters (AddParameter): Name = "Voltage Rating (DC)"; Value = "25V"; VariantName = "[No Variations]"
Change component parameters (AddParameter): Name = "Width"; Value = "0.032inch"; VariantName = "[No Variations]"
Change component parameters: Designator = "C44" ("C44"); Footprint = "CAP_0.1uF_0603"; UniqueID = "\VAGCSYNR" ("\VAGCSYNR")
Change component parameters (AddParameter): Name = "Capacitance"; Value = "100nF"; VariantName = "[No Variations]"
Change component parameters (AddParameter): Name = "Case Code"; Value = "0603"; VariantName = "[No Variations]"
Change component parameters (AddParameter): Name = "Case Code (Imperial)"; Value = "0603"; VariantName = "[No Variations]"
Change component parameters (AddParameter): Name = "Case Code (Metric)"; Value = "1608"; VariantName = "[No Variations]"
Change component parameters (AddParameter): Name = "Case/Package"; Value = "0603"; VariantName = "[No Variations]"
Change component parameters (AddParameter): Name = "Category"; Value = "Ceramic Capacitors"; VariantName = "[No Variations]"
Change component parameters (AddParameter): Name = "ComponentLink1Description"; Value = "https://datasheet.ciiva.com/11786/0900766b802d4699-11786267.pdf?src-supplier=RSComponents"; VariantName = "[No Variations]"
Change component parameters (AddParameter): Name = "ComponentLink1URL"; Value = "https://datasheet.ciiva.com/11786/0900766b802d4699-11786267.pdf?src-supplier=RSComponents"; VariantName = "[No Variations]"
Change component parameters (AddParameter): Name = "ComponentLink2Description"; Value = "https://datasheet.ciiva.com/1124/318409-1124608.pdf?src-supplier=Element14"; VariantName = "[No Variations]"
Change component parameters (AddParameter): Name = "ComponentLink2URL"; Value = "https://datasheet.ciiva.com/1124/318409-1124608.pdf?src-supplier=Element14"; VariantName = "[No Variations]"
Change component parameters (AddParameter): Name = "ComponentLink3Description"; Value = "https://datasheet.ciiva.com/203/cy5v-203689.pdf?src-supplier=Digi-Key"; VariantName = "[No Variations]"
Change component parameters (AddParameter): Name = "ComponentLink3URL"; Value = "https://datasheet.ciiva.com/203/cy5v-203689.pdf?src-supplier=Digi-Key"; VariantName = "[No Variations]"
Change component parameters (AddParameter): Name = "ComponentLink4Description"; Value = "https://datasheet.ciiva.com/203/cy5v-203690.pdf?src-supplier=Digi-Key"; VariantName = "[No Variations]"
Change component parameters (AddParameter): Name = "ComponentLink4URL"; Value = "https://datasheet.ciiva.com/203/cy5v-203690.pdf?src-supplier=Digi-Key"; VariantName = "[No Variations]"
Change component parameters (AddParameter): Name = "ComponentLink5Description"; Value = "https://datasheet.ciiva.com/203/cy5v-203691.pdf?src-supplier=Digi-Key"; VariantName = "[No Variations]"
Change component parameters (AddParameter): Name = "ComponentLink5URL"; Value = "https://datasheet.ciiva.com/203/cy5v-203691.pdf?src-supplier=Digi-Key"; VariantName = "[No Variations]"
Change component parameters (AddParameter): Name = "ComponentLink6Description"; Value = "https://datasheet.ciiva.com/11464/cy5v-11464567.pdf?src-supplier=Avnet"; VariantName = "[No Variations]"
Change component parameters (AddParameter): Name = "ComponentLink6URL"; Value = "https://datasheet.ciiva.com/11464/cy5v-11464567.pdf?src-supplier=Avnet"; VariantName = "[No Variations]"
Change component parameters (AddParameter): Name = "ComponentLink7Description"; Value = "https://datasheet.ciiva.com/2987/cy5v-2987766.pdf?src-supplier=Avnet"; VariantName = "[No Variations]"
Change component parameters (AddParameter): Name = "ComponentLink7URL"; Value = "https://datasheet.ciiva.com/2987/cy5v-2987766.pdf?src-supplier=Avnet"; VariantName = "[No Variations]"
Change component parameters (AddParameter): Name = "ComponentLink8Description"; Value = "https://datasheet.ciiva.com/1124/578190-1124654.pdf?src-supplier=Element14"; VariantName = "[No Variations]"
Change component parameters (AddParameter): Name = "ComponentLink8URL"; Value = "https://datasheet.ciiva.com/1124/578190-1124654.pdf?src-supplier=Element14"; VariantName = "[No Variations]"
Change component parameters (AddParameter): Name = "ComponentLink9Description"; Value = "https://datasheet.ciiva.com/1124/578190-1124655.pdf?src-supplier=Element14"; VariantName = "[No Variations]"
Change component parameters (AddParameter): Name = "ComponentLink9URL"; Value = "https://datasheet.ciiva.com/1124/578190-1124655.pdf?src-supplier=Element14"; VariantName = "[No Variations]"
Change component parameters (AddParameter): Name = "ComponentLink10Description"; Value = "https://datasheet.ciiva.com/14590/70001073-14590664.pdf?src-supplier=Allied+Electronics"; VariantName = "[No Variations]"
Change component parameters (AddParameter): Name = "ComponentLink10URL"; Value = "https://datasheet.ciiva.com/14590/70001073-14590664.pdf?src-supplier=Allied+Electronics"; VariantName = "[No Variations]"
Change component parameters (AddParameter): Name = "ComponentLink11Description"; Value = "https://datasheet.ciiva.com/28613/578190-28613276.pdf?src-supplier=Element14"; VariantName = "[No Variations]"
Change component parameters (AddParameter): Name = "ComponentLink11URL"; Value = "https://datasheet.ciiva.com/28613/578190-28613276.pdf?src-supplier=Element14"; VariantName = "[No Variations]"
Change component parameters (AddParameter): Name = "ComponentLink12Description"; Value = "https://datasheet.ciiva.com/16484/cy5v-16484423.pdf?src-supplier=Avnet+Asia"; VariantName = "[No Variations]"
Change component parameters (AddParameter): Name = "ComponentLink12URL"; Value = "https://datasheet.ciiva.com/16484/cy5v-16484423.pdf?src-supplier=Avnet+Asia"; VariantName = "[No Variations]"
Change component parameters (AddParameter): Name = "Construction"; Value = "Flat"; VariantName = "[No Variations]"
Change component parameters (AddParameter): Name = "Contact Plating"; Value = "Tin,Matte"; VariantName = "[No Variations]"
Change component parameters (AddParameter): Name = "Depth"; Value = "0.81mm"; VariantName = "[No Variations]"
Change component parameters (AddParameter): Name = "Dielectric"; Value = "Y5V"; VariantName = "[No Variations]"
Change component parameters (AddParameter): Name = "Dissipation Factor"; Value = "7%"; VariantName = "[No Variations]"
Change component parameters (AddParameter): Name = "Height"; Value = "0.9mm"; VariantName = "[No Variations]"
Change component parameters (AddParameter): Name = "Insulation Resistance"; Value = "100GR"; VariantName = "[No Variations]"
Change component parameters (AddParameter): Name = "Lead Free"; Value = "Lead Free"; VariantName = "[No Variations]"
Change component parameters (AddParameter): Name = "Length"; Value = "1.6mm"; VariantName = "[No Variations]"
Change component parameters (AddParameter): Name = "Manufacturer"; Value = "Kyocera AVX"; VariantName = "[No Variations]"
Change component parameters (AddParameter): Name = "Manufacturer Part Number"; Value = "KGM15AV51E104ZT"; VariantName = "[No Variations]"
Change component parameters (AddParameter): Name = "Max Operating Temperature"; Value = "85°C"; VariantName = "[No Variations]"
Change component parameters (AddParameter): Name = "Min Operating Temperature"; Value = "-30°C"; VariantName = "[No Variations]"
Change component parameters (AddParameter): Name = "Mount"; Value = "Surface Mount,PCB"; VariantName = "[No Variations]"
Change component parameters (AddParameter): Name = "Number of Pins"; Value = "2"; VariantName = "[No Variations]"
Change component parameters (AddParameter): Name = "Package Quantity"; Value = "1"; VariantName = "[No Variations]"
Change component parameters (AddParameter): Name = "Packaging"; Value = "Tape and Reel"; VariantName = "[No Variations]"
Change component parameters (AddParameter): Name = "Radiation Hardening"; Value = "No"; VariantName = "[No Variations]"
Change component parameters (AddParameter): Name = "REACH SVHC"; Value = "No SVHC"; VariantName = "[No Variations]"
Change component parameters (AddParameter): Name = "RoHS"; Value = "Yes"; VariantName = "[No Variations]"
Change component parameters (AddParameter): Name = "RoHS Compliant"; Value = "Yes"; VariantName = "[No Variations]"
Change component parameters (AddParameter): Name = "Series"; Value = "-"; VariantName = "[No Variations]"
Change component parameters (AddParameter): Name = "Supplier 1"; Value = "DigiKey"; VariantName = "[No Variations]"
Change component parameters (AddParameter): Name = "Supplier Part Number 1"; Value = "478-KGM15AV51E104ZTCT-ND"; VariantName = "[No Variations]"
Change component parameters (AddParameter): Name = "Termination"; Value = "SMD/SMT"; VariantName = "[No Variations]"
Change component parameters (AddParameter): Name = "Thickness"; Value = "0.035inch"; VariantName = "[No Variations]"
Change component parameters (AddParameter): Name = "Tolerance"; Value = "80%"; VariantName = "[No Variations]"
Change component parameters (AddParameter): Name = "Voltage"; Value = "25V"; VariantName = "[No Variations]"
Change component parameters (AddParameter): Name = "Voltage Rating"; Value = "25V"; VariantName = "[No Variations]"
Change component parameters (AddParameter): Name = "Voltage Rating (DC)"; Value = "25V"; VariantName = "[No Variations]"
Change component parameters (AddParameter): Name = "Width"; Value = "0.032inch"; VariantName = "[No Variations]"
Change component parameters: Designator = "C45" ("C45"); Footprint = "CAP_0.1uF_0603"; UniqueID = "\AZFDKIOM" ("\AZFDKIOM")
Change component parameters (AddParameter): Name = "Capacitance"; Value = "100nF"; VariantName = "[No Variations]"
Change component parameters (AddParameter): Name = "Case Code"; Value = "0603"; VariantName = "[No Variations]"
Change component parameters (AddParameter): Name = "Case Code (Imperial)"; Value = "0603"; VariantName = "[No Variations]"
Change component parameters (AddParameter): Name = "Case Code (Metric)"; Value = "1608"; VariantName = "[No Variations]"
Change component parameters (AddParameter): Name = "Case/Package"; Value = "0603"; VariantName = "[No Variations]"
Change component parameters (AddParameter): Name = "Category"; Value = "Ceramic Capacitors"; VariantName = "[No Variations]"
Change component parameters (AddParameter): Name = "ComponentLink1Description"; Value = "https://datasheet.ciiva.com/11786/0900766b802d4699-11786267.pdf?src-supplier=RSComponents"; VariantName = "[No Variations]"
Change component parameters (AddParameter): Name = "ComponentLink1URL"; Value = "https://datasheet.ciiva.com/11786/0900766b802d4699-11786267.pdf?src-supplier=RSComponents"; VariantName = "[No Variations]"
Change component parameters (AddParameter): Name = "ComponentLink2Description"; Value = "https://datasheet.ciiva.com/1124/318409-1124608.pdf?src-supplier=Element14"; VariantName = "[No Variations]"
Change component parameters (AddParameter): Name = "ComponentLink2URL"; Value = "https://datasheet.ciiva.com/1124/318409-1124608.pdf?src-supplier=Element14"; VariantName = "[No Variations]"
Change component parameters (AddParameter): Name = "ComponentLink3Description"; Value = "https://datasheet.ciiva.com/203/cy5v-203689.pdf?src-supplier=Digi-Key"; VariantName = "[No Variations]"
Change component parameters (AddParameter): Name = "ComponentLink3URL"; Value = "https://datasheet.ciiva.com/203/cy5v-203689.pdf?src-supplier=Digi-Key"; VariantName = "[No Variations]"
Change component parameters (AddParameter): Name = "ComponentLink4Description"; Value = "https://datasheet.ciiva.com/203/cy5v-203690.pdf?src-supplier=Digi-Key"; VariantName = "[No Variations]"
Change component parameters (AddParameter): Name = "ComponentLink4URL"; Value = "https://datasheet.ciiva.com/203/cy5v-203690.pdf?src-supplier=Digi-Key"; VariantName = "[No Variations]"
Change component parameters (AddParameter): Name = "ComponentLink5Description"; Value = "https://datasheet.ciiva.com/203/cy5v-203691.pdf?src-supplier=Digi-Key"; VariantName = "[No Variations]"
Change component parameters (AddParameter): Name = "ComponentLink5URL"; Value = "https://datasheet.ciiva.com/203/cy5v-203691.pdf?src-supplier=Digi-Key"; VariantName = "[No Variations]"
Change component parameters (AddParameter): Name = "ComponentLink6Description"; Value = "https://datasheet.ciiva.com/11464/cy5v-11464567.pdf?src-supplier=Avnet"; VariantName = "[No Variations]"
Change component parameters (AddParameter): Name = "ComponentLink6URL"; Value = "https://datasheet.ciiva.com/11464/cy5v-11464567.pdf?src-supplier=Avnet"; VariantName = "[No Variations]"
Change component parameters (AddParameter): Name = "ComponentLink7Description"; Value = "https://datasheet.ciiva.com/2987/cy5v-2987766.pdf?src-supplier=Avnet"; VariantName = "[No Variations]"
Change component parameters (AddParameter): Name = "ComponentLink7URL"; Value = "https://datasheet.ciiva.com/2987/cy5v-2987766.pdf?src-supplier=Avnet"; VariantName = "[No Variations]"
Change component parameters (AddParameter): Name = "ComponentLink8Description"; Value = "https://datasheet.ciiva.com/1124/578190-1124654.pdf?src-supplier=Element14"; VariantName = "[No Variations]"
Change component parameters (AddParameter): Name = "ComponentLink8URL"; Value = "https://datasheet.ciiva.com/1124/578190-1124654.pdf?src-supplier=Element14"; VariantName = "[No Variations]"
Change component parameters (AddParameter): Name = "ComponentLink9Description"; Value = "https://datasheet.ciiva.com/1124/578190-1124655.pdf?src-supplier=Element14"; VariantName = "[No Variations]"
Change component parameters (AddParameter): Name = "ComponentLink9URL"; Value = "https://datasheet.ciiva.com/1124/578190-1124655.pdf?src-supplier=Element14"; VariantName = "[No Variations]"
Change component parameters (AddParameter): Name = "ComponentLink10Description"; Value = "https://datasheet.ciiva.com/14590/70001073-14590664.pdf?src-supplier=Allied+Electronics"; VariantName = "[No Variations]"
Change component parameters (AddParameter): Name = "ComponentLink10URL"; Value = "https://datasheet.ciiva.com/14590/70001073-14590664.pdf?src-supplier=Allied+Electronics"; VariantName = "[No Variations]"
Change component parameters (AddParameter): Name = "ComponentLink11Description"; Value = "https://datasheet.ciiva.com/28613/578190-28613276.pdf?src-supplier=Element14"; VariantName = "[No Variations]"
Change component parameters (AddParameter): Name = "ComponentLink11URL"; Value = "https://datasheet.ciiva.com/28613/578190-28613276.pdf?src-supplier=Element14"; VariantName = "[No Variations]"
Change component parameters (AddParameter): Name = "ComponentLink12Description"; Value = "https://datasheet.ciiva.com/16484/cy5v-16484423.pdf?src-supplier=Avnet+Asia"; VariantName = "[No Variations]"
Change component parameters (AddParameter): Name = "ComponentLink12URL"; Value = "https://datasheet.ciiva.com/16484/cy5v-16484423.pdf?src-supplier=Avnet+Asia"; VariantName = "[No Variations]"
Change component parameters (AddParameter): Name = "Construction"; Value = "Flat"; VariantName = "[No Variations]"
Change component parameters (AddParameter): Name = "Contact Plating"; Value = "Tin,Matte"; VariantName = "[No Variations]"
Change component parameters (AddParameter): Name = "Depth"; Value = "0.81mm"; VariantName = "[No Variations]"
Change component parameters (AddParameter): Name = "Dielectric"; Value = "Y5V"; VariantName = "[No Variations]"
Change component parameters (AddParameter): Name = "Dissipation Factor"; Value = "7%"; VariantName = "[No Variations]"
Change component parameters (AddParameter): Name = "Height"; Value = "0.9mm"; VariantName = "[No Variations]"
Change component parameters (AddParameter): Name = "Insulation Resistance"; Value = "100GR"; VariantName = "[No Variations]"
Change component parameters (AddParameter): Name = "Lead Free"; Value = "Lead Free"; VariantName = "[No Variations]"
Change component parameters (AddParameter): Name = "Length"; Value = "1.6mm"; VariantName = "[No Variations]"
Change component parameters (AddParameter): Name = "Manufacturer"; Value = "Kyocera AVX"; VariantName = "[No Variations]"
Change component parameters (AddParameter): Name = "Manufacturer Part Number"; Value = "KGM15AV51E104ZT"; VariantName = "[No Variations]"
Change component parameters (AddParameter): Name = "Max Operating Temperature"; Value = "85°C"; VariantName = "[No Variations]"
Change component parameters (AddParameter): Name = "Min Operating Temperature"; Value = "-30°C"; VariantName = "[No Variations]"
Change component parameters (AddParameter): Name = "Mount"; Value = "Surface Mount,PCB"; VariantName = "[No Variations]"
Change component parameters (AddParameter): Name = "Number of Pins"; Value = "2"; VariantName = "[No Variations]"
Change component parameters (AddParameter): Name = "Package Quantity"; Value = "1"; VariantName = "[No Variations]"
Change component parameters (AddParameter): Name = "Packaging"; Value = "Tape and Reel"; VariantName = "[No Variations]"
Change component parameters (AddParameter): Name = "Radiation Hardening"; Value = "No"; VariantName = "[No Variations]"
Change component parameters (AddParameter): Name = "REACH SVHC"; Value = "No SVHC"; VariantName = "[No Variations]"
Change component parameters (AddParameter): Name = "RoHS"; Value = "Yes"; VariantName = "[No Variations]"
Change component parameters (AddParameter): Name = "RoHS Compliant"; Value = "Yes"; VariantName = "[No Variations]"
Change component parameters (AddParameter): Name = "Series"; Value = "-"; VariantName = "[No Variations]"
Change component parameters (AddParameter): Name = "Supplier 1"; Value = "DigiKey"; VariantName = "[No Variations]"
Change component parameters (AddParameter): Name = "Supplier Part Number 1"; Value = "478-KGM15AV51E104ZTCT-ND"; VariantName = "[No Variations]"
Change component parameters (AddParameter): Name = "Termination"; Value = "SMD/SMT"; VariantName = "[No Variations]"
Change component parameters (AddParameter): Name = "Thickness"; Value = "0.035inch"; VariantName = "[No Variations]"
Change component parameters (AddParameter): Name = "Tolerance"; Value = "80%"; VariantName = "[No Variations]"
Change component parameters (AddParameter): Name = "Voltage"; Value = "25V"; VariantName = "[No Variations]"
Change component parameters (AddParameter): Name = "Voltage Rating"; Value = "25V"; VariantName = "[No Variations]"
Change component parameters (AddParameter): Name = "Voltage Rating (DC)"; Value = "25V"; VariantName = "[No Variations]"
Change component parameters (AddParameter): Name = "Width"; Value = "0.032inch"; VariantName = "[No Variations]"
Change component parameters: Designator = "C46" ("C46"); Footprint = "CAP_0.1uF_0603"; UniqueID = "\JMSZQPXB" ("\JMSZQPXB")
Change component parameters (AddParameter): Name = "Capacitance"; Value = "100nF"; VariantName = "[No Variations]"
Change component parameters (AddParameter): Name = "Case Code"; Value = "0603"; VariantName = "[No Variations]"
Change component parameters (AddParameter): Name = "Case Code (Imperial)"; Value = "0603"; VariantName = "[No Variations]"
Change component parameters (AddParameter): Name = "Case Code (Metric)"; Value = "1608"; VariantName = "[No Variations]"
Change component parameters (AddParameter): Name = "Case/Package"; Value = "0603"; VariantName = "[No Variations]"
Change component parameters (AddParameter): Name = "Category"; Value = "Ceramic Capacitors"; VariantName = "[No Variations]"
Change component parameters (AddParameter): Name = "ComponentLink1Description"; Value = "https://datasheet.ciiva.com/11786/0900766b802d4699-11786267.pdf?src-supplier=RSComponents"; VariantName = "[No Variations]"
Change component parameters (AddParameter): Name = "ComponentLink1URL"; Value = "https://datasheet.ciiva.com/11786/0900766b802d4699-11786267.pdf?src-supplier=RSComponents"; VariantName = "[No Variations]"
Change component parameters (AddParameter): Name = "ComponentLink2Description"; Value = "https://datasheet.ciiva.com/1124/318409-1124608.pdf?src-supplier=Element14"; VariantName = "[No Variations]"
Change component parameters (AddParameter): Name = "ComponentLink2URL"; Value = "https://datasheet.ciiva.com/1124/318409-1124608.pdf?src-supplier=Element14"; VariantName = "[No Variations]"
Change component parameters (AddParameter): Name = "ComponentLink3Description"; Value = "https://datasheet.ciiva.com/203/cy5v-203689.pdf?src-supplier=Digi-Key"; VariantName = "[No Variations]"
Change component parameters (AddParameter): Name = "ComponentLink3URL"; Value = "https://datasheet.ciiva.com/203/cy5v-203689.pdf?src-supplier=Digi-Key"; VariantName = "[No Variations]"
Change component parameters (AddParameter): Name = "ComponentLink4Description"; Value = "https://datasheet.ciiva.com/203/cy5v-203690.pdf?src-supplier=Digi-Key"; VariantName = "[No Variations]"
Change component parameters (AddParameter): Name = "ComponentLink4URL"; Value = "https://datasheet.ciiva.com/203/cy5v-203690.pdf?src-supplier=Digi-Key"; VariantName = "[No Variations]"
Change component parameters (AddParameter): Name = "ComponentLink5Description"; Value = "https://datasheet.ciiva.com/203/cy5v-203691.pdf?src-supplier=Digi-Key"; VariantName = "[No Variations]"
Change component parameters (AddParameter): Name = "ComponentLink5URL"; Value = "https://datasheet.ciiva.com/203/cy5v-203691.pdf?src-supplier=Digi-Key"; VariantName = "[No Variations]"
Change component parameters (AddParameter): Name = "ComponentLink6Description"; Value = "https://datasheet.ciiva.com/11464/cy5v-11464567.pdf?src-supplier=Avnet"; VariantName = "[No Variations]"
Change component parameters (AddParameter): Name = "ComponentLink6URL"; Value = "https://datasheet.ciiva.com/11464/cy5v-11464567.pdf?src-supplier=Avnet"; VariantName = "[No Variations]"
Change component parameters (AddParameter): Name = "ComponentLink7Description"; Value = "https://datasheet.ciiva.com/2987/cy5v-2987766.pdf?src-supplier=Avnet"; VariantName = "[No Variations]"
Change component parameters (AddParameter): Name = "ComponentLink7URL"; Value = "https://datasheet.ciiva.com/2987/cy5v-2987766.pdf?src-supplier=Avnet"; VariantName = "[No Variations]"
Change component parameters (AddParameter): Name = "ComponentLink8Description"; Value = "https://datasheet.ciiva.com/1124/578190-1124654.pdf?src-supplier=Element14"; VariantName = "[No Variations]"
Change component parameters (AddParameter): Name = "ComponentLink8URL"; Value = "https://datasheet.ciiva.com/1124/578190-1124654.pdf?src-supplier=Element14"; VariantName = "[No Variations]"
Change component parameters (AddParameter): Name = "ComponentLink9Description"; Value = "https://datasheet.ciiva.com/1124/578190-1124655.pdf?src-supplier=Element14"; VariantName = "[No Variations]"
Change component parameters (AddParameter): Name = "ComponentLink9URL"; Value = "https://datasheet.ciiva.com/1124/578190-1124655.pdf?src-supplier=Element14"; VariantName = "[No Variations]"
Change component parameters (AddParameter): Name = "ComponentLink10Description"; Value = "https://datasheet.ciiva.com/14590/70001073-14590664.pdf?src-supplier=Allied+Electronics"; VariantName = "[No Variations]"
Change component parameters (AddParameter): Name = "ComponentLink10URL"; Value = "https://datasheet.ciiva.com/14590/70001073-14590664.pdf?src-supplier=Allied+Electronics"; VariantName = "[No Variations]"
Change component parameters (AddParameter): Name = "ComponentLink11Description"; Value = "https://datasheet.ciiva.com/28613/578190-28613276.pdf?src-supplier=Element14"; VariantName = "[No Variations]"
Change component parameters (AddParameter): Name = "ComponentLink11URL"; Value = "https://datasheet.ciiva.com/28613/578190-28613276.pdf?src-supplier=Element14"; VariantName = "[No Variations]"
Change component parameters (AddParameter): Name = "ComponentLink12Description"; Value = "https://datasheet.ciiva.com/16484/cy5v-16484423.pdf?src-supplier=Avnet+Asia"; VariantName = "[No Variations]"
Change component parameters (AddParameter): Name = "ComponentLink12URL"; Value = "https://datasheet.ciiva.com/16484/cy5v-16484423.pdf?src-supplier=Avnet+Asia"; VariantName = "[No Variations]"
Change component parameters (AddParameter): Name = "Construction"; Value = "Flat"; VariantName = "[No Variations]"
Change component parameters (AddParameter): Name = "Contact Plating"; Value = "Tin,Matte"; VariantName = "[No Variations]"
Change component parameters (AddParameter): Name = "Depth"; Value = "0.81mm"; VariantName = "[No Variations]"
Change component parameters (AddParameter): Name = "Dielectric"; Value = "Y5V"; VariantName = "[No Variations]"
Change component parameters (AddParameter): Name = "Dissipation Factor"; Value = "7%"; VariantName = "[No Variations]"
Change component parameters (AddParameter): Name = "Height"; Value = "0.9mm"; VariantName = "[No Variations]"
Change component parameters (AddParameter): Name = "Insulation Resistance"; Value = "100GR"; VariantName = "[No Variations]"
Change component parameters (AddParameter): Name = "Lead Free"; Value = "Lead Free"; VariantName = "[No Variations]"
Change component parameters (AddParameter): Name = "Length"; Value = "1.6mm"; VariantName = "[No Variations]"
Change component parameters (AddParameter): Name = "Manufacturer"; Value = "Kyocera AVX"; VariantName = "[No Variations]"
Change component parameters (AddParameter): Name = "Manufacturer Part Number"; Value = "KGM15AV51E104ZT"; VariantName = "[No Variations]"
Change component parameters (AddParameter): Name = "Max Operating Temperature"; Value = "85°C"; VariantName = "[No Variations]"
Change component parameters (AddParameter): Name = "Min Operating Temperature"; Value = "-30°C"; VariantName = "[No Variations]"
Change component parameters (AddParameter): Name = "Mount"; Value = "Surface Mount,PCB"; VariantName = "[No Variations]"
Change component parameters (AddParameter): Name = "Number of Pins"; Value = "2"; VariantName = "[No Variations]"
Change component parameters (AddParameter): Name = "Package Quantity"; Value = "1"; VariantName = "[No Variations]"
Change component parameters (AddParameter): Name = "Packaging"; Value = "Tape and Reel"; VariantName = "[No Variations]"
Change component parameters (AddParameter): Name = "Radiation Hardening"; Value = "No"; VariantName = "[No Variations]"
Change component parameters (AddParameter): Name = "REACH SVHC"; Value = "No SVHC"; VariantName = "[No Variations]"
Change component parameters (AddParameter): Name = "RoHS"; Value = "Yes"; VariantName = "[No Variations]"
Change component parameters (AddParameter): Name = "RoHS Compliant"; Value = "Yes"; VariantName = "[No Variations]"
Change component parameters (AddParameter): Name = "Series"; Value = "-"; VariantName = "[No Variations]"
Change component parameters (AddParameter): Name = "Supplier 1"; Value = "DigiKey"; VariantName = "[No Variations]"
Change component parameters (AddParameter): Name = "Supplier Part Number 1"; Value = "478-KGM15AV51E104ZTCT-ND"; VariantName = "[No Variations]"
Change component parameters (AddParameter): Name = "Termination"; Value = "SMD/SMT"; VariantName = "[No Variations]"
Change component parameters (AddParameter): Name = "Thickness"; Value = "0.035inch"; VariantName = "[No Variations]"
Change component parameters (AddParameter): Name = "Tolerance"; Value = "80%"; VariantName = "[No Variations]"
Change component parameters (AddParameter): Name = "Voltage"; Value = "25V"; VariantName = "[No Variations]"
Change component parameters (AddParameter): Name = "Voltage Rating"; Value = "25V"; VariantName = "[No Variations]"
Change component parameters (AddParameter): Name = "Voltage Rating (DC)"; Value = "25V"; VariantName = "[No Variations]"
Change component parameters (AddParameter): Name = "Width"; Value = "0.032inch"; VariantName = "[No Variations]"
Change component parameters: Designator = "C47" ("C47"); Footprint = "CAP_0.1uF_0603"; UniqueID = "\CACGCDOU" ("\CACGCDOU")
Change component parameters (AddParameter): Name = "Capacitance"; Value = "100nF"; VariantName = "[No Variations]"
Change component parameters (AddParameter): Name = "Case Code"; Value = "0603"; VariantName = "[No Variations]"
Change component parameters (AddParameter): Name = "Case Code (Imperial)"; Value = "0603"; VariantName = "[No Variations]"
Change component parameters (AddParameter): Name = "Case Code (Metric)"; Value = "1608"; VariantName = "[No Variations]"
Change component parameters (AddParameter): Name = "Case/Package"; Value = "0603"; VariantName = "[No Variations]"
Change component parameters (AddParameter): Name = "Category"; Value = "Ceramic Capacitors"; VariantName = "[No Variations]"
Change component parameters (AddParameter): Name = "ComponentLink1Description"; Value = "https://datasheet.ciiva.com/11786/0900766b802d4699-11786267.pdf?src-supplier=RSComponents"; VariantName = "[No Variations]"
Change component parameters (AddParameter): Name = "ComponentLink1URL"; Value = "https://datasheet.ciiva.com/11786/0900766b802d4699-11786267.pdf?src-supplier=RSComponents"; VariantName = "[No Variations]"
Change component parameters (AddParameter): Name = "ComponentLink2Description"; Value = "https://datasheet.ciiva.com/1124/318409-1124608.pdf?src-supplier=Element14"; VariantName = "[No Variations]"
Change component parameters (AddParameter): Name = "ComponentLink2URL"; Value = "https://datasheet.ciiva.com/1124/318409-1124608.pdf?src-supplier=Element14"; VariantName = "[No Variations]"
Change component parameters (AddParameter): Name = "ComponentLink3Description"; Value = "https://datasheet.ciiva.com/203/cy5v-203689.pdf?src-supplier=Digi-Key"; VariantName = "[No Variations]"
Change component parameters (AddParameter): Name = "ComponentLink3URL"; Value = "https://datasheet.ciiva.com/203/cy5v-203689.pdf?src-supplier=Digi-Key"; VariantName = "[No Variations]"
Change component parameters (AddParameter): Name = "ComponentLink4Description"; Value = "https://datasheet.ciiva.com/203/cy5v-203690.pdf?src-supplier=Digi-Key"; VariantName = "[No Variations]"
Change component parameters (AddParameter): Name = "ComponentLink4URL"; Value = "https://datasheet.ciiva.com/203/cy5v-203690.pdf?src-supplier=Digi-Key"; VariantName = "[No Variations]"
Change component parameters (AddParameter): Name = "ComponentLink5Description"; Value = "https://datasheet.ciiva.com/203/cy5v-203691.pdf?src-supplier=Digi-Key"; VariantName = "[No Variations]"
Change component parameters (AddParameter): Name = "ComponentLink5URL"; Value = "https://datasheet.ciiva.com/203/cy5v-203691.pdf?src-supplier=Digi-Key"; VariantName = "[No Variations]"
Change component parameters (AddParameter): Name = "ComponentLink6Description"; Value = "https://datasheet.ciiva.com/11464/cy5v-11464567.pdf?src-supplier=Avnet"; VariantName = "[No Variations]"
Change component parameters (AddParameter): Name = "ComponentLink6URL"; Value = "https://datasheet.ciiva.com/11464/cy5v-11464567.pdf?src-supplier=Avnet"; VariantName = "[No Variations]"
Change component parameters (AddParameter): Name = "ComponentLink7Description"; Value = "https://datasheet.ciiva.com/2987/cy5v-2987766.pdf?src-supplier=Avnet"; VariantName = "[No Variations]"
Change component parameters (AddParameter): Name = "ComponentLink7URL"; Value = "https://datasheet.ciiva.com/2987/cy5v-2987766.pdf?src-supplier=Avnet"; VariantName = "[No Variations]"
Change component parameters (AddParameter): Name = "ComponentLink8Description"; Value = "https://datasheet.ciiva.com/1124/578190-1124654.pdf?src-supplier=Element14"; VariantName = "[No Variations]"
Change component parameters (AddParameter): Name = "ComponentLink8URL"; Value = "https://datasheet.ciiva.com/1124/578190-1124654.pdf?src-supplier=Element14"; VariantName = "[No Variations]"
Change component parameters (AddParameter): Name = "ComponentLink9Description"; Value = "https://datasheet.ciiva.com/1124/578190-1124655.pdf?src-supplier=Element14"; VariantName = "[No Variations]"
Change component parameters (AddParameter): Name = "ComponentLink9URL"; Value = "https://datasheet.ciiva.com/1124/578190-1124655.pdf?src-supplier=Element14"; VariantName = "[No Variations]"
Change component parameters (AddParameter): Name = "ComponentLink10Description"; Value = "https://datasheet.ciiva.com/14590/70001073-14590664.pdf?src-supplier=Allied+Electronics"; VariantName = "[No Variations]"
Change component parameters (AddParameter): Name = "ComponentLink10URL"; Value = "https://datasheet.ciiva.com/14590/70001073-14590664.pdf?src-supplier=Allied+Electronics"; VariantName = "[No Variations]"
Change component parameters (AddParameter): Name = "ComponentLink11Description"; Value = "https://datasheet.ciiva.com/28613/578190-28613276.pdf?src-supplier=Element14"; VariantName = "[No Variations]"
Change component parameters (AddParameter): Name = "ComponentLink11URL"; Value = "https://datasheet.ciiva.com/28613/578190-28613276.pdf?src-supplier=Element14"; VariantName = "[No Variations]"
Change component parameters (AddParameter): Name = "ComponentLink12Description"; Value = "https://datasheet.ciiva.com/16484/cy5v-16484423.pdf?src-supplier=Avnet+Asia"; VariantName = "[No Variations]"
Change component parameters (AddParameter): Name = "ComponentLink12URL"; Value = "https://datasheet.ciiva.com/16484/cy5v-16484423.pdf?src-supplier=Avnet+Asia"; VariantName = "[No Variations]"
Change component parameters (AddParameter): Name = "Construction"; Value = "Flat"; VariantName = "[No Variations]"
Change component parameters (AddParameter): Name = "Contact Plating"; Value = "Tin,Matte"; VariantName = "[No Variations]"
Change component parameters (AddParameter): Name = "Depth"; Value = "0.81mm"; VariantName = "[No Variations]"
Change component parameters (AddParameter): Name = "Dielectric"; Value = "Y5V"; VariantName = "[No Variations]"
Change component parameters (AddParameter): Name = "Dissipation Factor"; Value = "7%"; VariantName = "[No Variations]"
Change component parameters (AddParameter): Name = "Height"; Value = "0.9mm"; VariantName = "[No Variations]"
Change component parameters (AddParameter): Name = "Insulation Resistance"; Value = "100GR"; VariantName = "[No Variations]"
Change component parameters (AddParameter): Name = "Lead Free"; Value = "Lead Free"; VariantName = "[No Variations]"
Change component parameters (AddParameter): Name = "Length"; Value = "1.6mm"; VariantName = "[No Variations]"
Change component parameters (AddParameter): Name = "Manufacturer"; Value = "Kyocera AVX"; VariantName = "[No Variations]"
Change component parameters (AddParameter): Name = "Manufacturer Part Number"; Value = "KGM15AV51E104ZT"; VariantName = "[No Variations]"
Change component parameters (AddParameter): Name = "Max Operating Temperature"; Value = "85°C"; VariantName = "[No Variations]"
Change component parameters (AddParameter): Name = "Min Operating Temperature"; Value = "-30°C"; VariantName = "[No Variations]"
Change component parameters (AddParameter): Name = "Mount"; Value = "Surface Mount,PCB"; VariantName = "[No Variations]"
Change component parameters (AddParameter): Name = "Number of Pins"; Value = "2"; VariantName = "[No Variations]"
Change component parameters (AddParameter): Name = "Package Quantity"; Value = "1"; VariantName = "[No Variations]"
Change component parameters (AddParameter): Name = "Packaging"; Value = "Tape and Reel"; VariantName = "[No Variations]"
Change component parameters (AddParameter): Name = "Radiation Hardening"; Value = "No"; VariantName = "[No Variations]"
Change component parameters (AddParameter): Name = "REACH SVHC"; Value = "No SVHC"; VariantName = "[No Variations]"
Change component parameters (AddParameter): Name = "RoHS"; Value = "Yes"; VariantName = "[No Variations]"
Change component parameters (AddParameter): Name = "RoHS Compliant"; Value = "Yes"; VariantName = "[No Variations]"
Change component parameters (AddParameter): Name = "Series"; Value = "-"; VariantName = "[No Variations]"
Change component parameters (AddParameter): Name = "Supplier 1"; Value = "DigiKey"; VariantName = "[No Variations]"
Change component parameters (AddParameter): Name = "Supplier Part Number 1"; Value = "478-KGM15AV51E104ZTCT-ND"; VariantName = "[No Variations]"
Change component parameters (AddParameter): Name = "Termination"; Value = "SMD/SMT"; VariantName = "[No Variations]"
Change component parameters (AddParameter): Name = "Thickness"; Value = "0.035inch"; VariantName = "[No Variations]"
Change component parameters (AddParameter): Name = "Tolerance"; Value = "80%"; VariantName = "[No Variations]"
Change component parameters (AddParameter): Name = "Voltage"; Value = "25V"; VariantName = "[No Variations]"
Change component parameters (AddParameter): Name = "Voltage Rating"; Value = "25V"; VariantName = "[No Variations]"
Change component parameters (AddParameter): Name = "Voltage Rating (DC)"; Value = "25V"; VariantName = "[No Variations]"
Change component parameters (AddParameter): Name = "Width"; Value = "0.032inch"; VariantName = "[No Variations]"
Change component parameters: Designator = "C48" ("C48"); Footprint = "CAP_15pF_0603"; UniqueID = "\PEDRKHLI" ("\PEDRKHLI")
Change component parameters (AddParameter): Name = "Manufacturer"; Value = "KYOCERA AVX"; VariantName = "[No Variations]"
Change component parameters (AddParameter): Name = "Manufacturer Product Number"; Value = "KGM15ACG1H150JT"; VariantName = "[No Variations]"
Change component parameters (AddParameter): Name = "Supplier 1"; Value = "DigiKey"; VariantName = "[No Variations]"
Change component parameters (AddParameter): Name = "Supplier Part Number 1"; Value = "478-KGM15ACG1H150JTCT-ND"; VariantName = "[No Variations]"
Change component parameters: Designator = "C49" ("C49"); Footprint = "CAP_15pF_0603"; UniqueID = "\ITSMVXKC" ("\ITSMVXKC")
Change component parameters (AddParameter): Name = "Manufacturer"; Value = "KYOCERA AVX"; VariantName = "[No Variations]"
Change component parameters (AddParameter): Name = "Manufacturer Product Number"; Value = "KGM15ACG1H150JT"; VariantName = "[No Variations]"
Change component parameters (AddParameter): Name = "Supplier 1"; Value = "DigiKey"; VariantName = "[No Variations]"
Change component parameters (AddParameter): Name = "Supplier Part Number 1"; Value = "478-KGM15ACG1H150JTCT-ND"; VariantName = "[No Variations]"
Change component parameters: Designator = "C50" ("C50"); Footprint = "CAP_0.1uF_0603"; UniqueID = "\CHAEVUZH" ("\CHAEVUZH")
Change component parameters (AddParameter): Name = "Capacitance"; Value = "100nF"; VariantName = "[No Variations]"
Change component parameters (AddParameter): Name = "Case Code"; Value = "0603"; VariantName = "[No Variations]"
Change component parameters (AddParameter): Name = "Case Code (Imperial)"; Value = "0603"; VariantName = "[No Variations]"
Change component parameters (AddParameter): Name = "Case Code (Metric)"; Value = "1608"; VariantName = "[No Variations]"
Change component parameters (AddParameter): Name = "Case/Package"; Value = "0603"; VariantName = "[No Variations]"
Change component parameters (AddParameter): Name = "Category"; Value = "Ceramic Capacitors"; VariantName = "[No Variations]"
Change component parameters (AddParameter): Name = "ComponentLink1Description"; Value = "https://datasheet.ciiva.com/11786/0900766b802d4699-11786267.pdf?src-supplier=RSComponents"; VariantName = "[No Variations]"
Change component parameters (AddParameter): Name = "ComponentLink1URL"; Value = "https://datasheet.ciiva.com/11786/0900766b802d4699-11786267.pdf?src-supplier=RSComponents"; VariantName = "[No Variations]"
Change component parameters (AddParameter): Name = "ComponentLink2Description"; Value = "https://datasheet.ciiva.com/1124/318409-1124608.pdf?src-supplier=Element14"; VariantName = "[No Variations]"
Change component parameters (AddParameter): Name = "ComponentLink2URL"; Value = "https://datasheet.ciiva.com/1124/318409-1124608.pdf?src-supplier=Element14"; VariantName = "[No Variations]"
Change component parameters (AddParameter): Name = "ComponentLink3Description"; Value = "https://datasheet.ciiva.com/203/cy5v-203689.pdf?src-supplier=Digi-Key"; VariantName = "[No Variations]"
Change component parameters (AddParameter): Name = "ComponentLink3URL"; Value = "https://datasheet.ciiva.com/203/cy5v-203689.pdf?src-supplier=Digi-Key"; VariantName = "[No Variations]"
Change component parameters (AddParameter): Name = "ComponentLink4Description"; Value = "https://datasheet.ciiva.com/203/cy5v-203690.pdf?src-supplier=Digi-Key"; VariantName = "[No Variations]"
Change component parameters (AddParameter): Name = "ComponentLink4URL"; Value = "https://datasheet.ciiva.com/203/cy5v-203690.pdf?src-supplier=Digi-Key"; VariantName = "[No Variations]"
Change component parameters (AddParameter): Name = "ComponentLink5Description"; Value = "https://datasheet.ciiva.com/203/cy5v-203691.pdf?src-supplier=Digi-Key"; VariantName = "[No Variations]"
Change component parameters (AddParameter): Name = "ComponentLink5URL"; Value = "https://datasheet.ciiva.com/203/cy5v-203691.pdf?src-supplier=Digi-Key"; VariantName = "[No Variations]"
Change component parameters (AddParameter): Name = "ComponentLink6Description"; Value = "https://datasheet.ciiva.com/11464/cy5v-11464567.pdf?src-supplier=Avnet"; VariantName = "[No Variations]"
Change component parameters (AddParameter): Name = "ComponentLink6URL"; Value = "https://datasheet.ciiva.com/11464/cy5v-11464567.pdf?src-supplier=Avnet"; VariantName = "[No Variations]"
Change component parameters (AddParameter): Name = "ComponentLink7Description"; Value = "https://datasheet.ciiva.com/2987/cy5v-2987766.pdf?src-supplier=Avnet"; VariantName = "[No Variations]"
Change component parameters (AddParameter): Name = "ComponentLink7URL"; Value = "https://datasheet.ciiva.com/2987/cy5v-2987766.pdf?src-supplier=Avnet"; VariantName = "[No Variations]"
Change component parameters (AddParameter): Name = "ComponentLink8Description"; Value = "https://datasheet.ciiva.com/1124/578190-1124654.pdf?src-supplier=Element14"; VariantName = "[No Variations]"
Change component parameters (AddParameter): Name = "ComponentLink8URL"; Value = "https://datasheet.ciiva.com/1124/578190-1124654.pdf?src-supplier=Element14"; VariantName = "[No Variations]"
Change component parameters (AddParameter): Name = "ComponentLink9Description"; Value = "https://datasheet.ciiva.com/1124/578190-1124655.pdf?src-supplier=Element14"; VariantName = "[No Variations]"
Change component parameters (AddParameter): Name = "ComponentLink9URL"; Value = "https://datasheet.ciiva.com/1124/578190-1124655.pdf?src-supplier=Element14"; VariantName = "[No Variations]"
Change component parameters (AddParameter): Name = "ComponentLink10Description"; Value = "https://datasheet.ciiva.com/14590/70001073-14590664.pdf?src-supplier=Allied+Electronics"; VariantName = "[No Variations]"
Change component parameters (AddParameter): Name = "ComponentLink10URL"; Value = "https://datasheet.ciiva.com/14590/70001073-14590664.pdf?src-supplier=Allied+Electronics"; VariantName = "[No Variations]"
Change component parameters (AddParameter): Name = "ComponentLink11Description"; Value = "https://datasheet.ciiva.com/28613/578190-28613276.pdf?src-supplier=Element14"; VariantName = "[No Variations]"
Change component parameters (AddParameter): Name = "ComponentLink11URL"; Value = "https://datasheet.ciiva.com/28613/578190-28613276.pdf?src-supplier=Element14"; VariantName = "[No Variations]"
Change component parameters (AddParameter): Name = "ComponentLink12Description"; Value = "https://datasheet.ciiva.com/16484/cy5v-16484423.pdf?src-supplier=Avnet+Asia"; VariantName = "[No Variations]"
Change component parameters (AddParameter): Name = "ComponentLink12URL"; Value = "https://datasheet.ciiva.com/16484/cy5v-16484423.pdf?src-supplier=Avnet+Asia"; VariantName = "[No Variations]"
Change component parameters (AddParameter): Name = "Construction"; Value = "Flat"; VariantName = "[No Variations]"
Change component parameters (AddParameter): Name = "Contact Plating"; Value = "Tin,Matte"; VariantName = "[No Variations]"
Change component parameters (AddParameter): Name = "Depth"; Value = "0.81mm"; VariantName = "[No Variations]"
Change component parameters (AddParameter): Name = "Dielectric"; Value = "Y5V"; VariantName = "[No Variations]"
Change component parameters (AddParameter): Name = "Dissipation Factor"; Value = "7%"; VariantName = "[No Variations]"
Change component parameters (AddParameter): Name = "Height"; Value = "0.9mm"; VariantName = "[No Variations]"
Change component parameters (AddParameter): Name = "Insulation Resistance"; Value = "100GR"; VariantName = "[No Variations]"
Change component parameters (AddParameter): Name = "Lead Free"; Value = "Lead Free"; VariantName = "[No Variations]"
Change component parameters (AddParameter): Name = "Length"; Value = "1.6mm"; VariantName = "[No Variations]"
Change component parameters (AddParameter): Name = "Manufacturer"; Value = "Kyocera AVX"; VariantName = "[No Variations]"
Change component parameters (AddParameter): Name = "Manufacturer Part Number"; Value = "KGM15AV51E104ZT"; VariantName = "[No Variations]"
Change component parameters (AddParameter): Name = "Max Operating Temperature"; Value = "85°C"; VariantName = "[No Variations]"
Change component parameters (AddParameter): Name = "Min Operating Temperature"; Value = "-30°C"; VariantName = "[No Variations]"
Change component parameters (AddParameter): Name = "Mount"; Value = "Surface Mount,PCB"; VariantName = "[No Variations]"
Change component parameters (AddParameter): Name = "Number of Pins"; Value = "2"; VariantName = "[No Variations]"
Change component parameters (AddParameter): Name = "Package Quantity"; Value = "1"; VariantName = "[No Variations]"
Change component parameters (AddParameter): Name = "Packaging"; Value = "Tape and Reel"; VariantName = "[No Variations]"
Change component parameters (AddParameter): Name = "Radiation Hardening"; Value = "No"; VariantName = "[No Variations]"
Change component parameters (AddParameter): Name = "REACH SVHC"; Value = "No SVHC"; VariantName = "[No Variations]"
Change component parameters (AddParameter): Name = "RoHS"; Value = "Yes"; VariantName = "[No Variations]"
Change component parameters (AddParameter): Name = "RoHS Compliant"; Value = "Yes"; VariantName = "[No Variations]"
Change component parameters (AddParameter): Name = "Series"; Value = "-"; VariantName = "[No Variations]"
Change component parameters (AddParameter): Name = "Supplier 1"; Value = "DigiKey"; VariantName = "[No Variations]"
Change component parameters (AddParameter): Name = "Supplier Part Number 1"; Value = "478-KGM15AV51E104ZTCT-ND"; VariantName = "[No Variations]"
Change component parameters (AddParameter): Name = "Termination"; Value = "SMD/SMT"; VariantName = "[No Variations]"
Change component parameters (AddParameter): Name = "Thickness"; Value = "0.035inch"; VariantName = "[No Variations]"
Change component parameters (AddParameter): Name = "Tolerance"; Value = "80%"; VariantName = "[No Variations]"
Change component parameters (AddParameter): Name = "Voltage"; Value = "25V"; VariantName = "[No Variations]"
Change component parameters (AddParameter): Name = "Voltage Rating"; Value = "25V"; VariantName = "[No Variations]"
Change component parameters (AddParameter): Name = "Voltage Rating (DC)"; Value = "25V"; VariantName = "[No Variations]"
Change component parameters (AddParameter): Name = "Width"; Value = "0.032inch"; VariantName = "[No Variations]"
Change component parameters: Designator = "C55" ("C55"); Footprint = "CAP_0.1uF_0603"; UniqueID = "\QEZSVZIT" ("\QEZSVZIT")
Change component parameters (AddParameter): Name = "Capacitance"; Value = "100nF"; VariantName = "[No Variations]"
Change component parameters (AddParameter): Name = "Case Code"; Value = "0603"; VariantName = "[No Variations]"
Change component parameters (AddParameter): Name = "Case Code (Imperial)"; Value = "0603"; VariantName = "[No Variations]"
Change component parameters (AddParameter): Name = "Case Code (Metric)"; Value = "1608"; VariantName = "[No Variations]"
Change component parameters (AddParameter): Name = "Case/Package"; Value = "0603"; VariantName = "[No Variations]"
Change component parameters (AddParameter): Name = "Category"; Value = "Ceramic Capacitors"; VariantName = "[No Variations]"
Change component parameters (AddParameter): Name = "ComponentLink1Description"; Value = "https://datasheet.ciiva.com/11786/0900766b802d4699-11786267.pdf?src-supplier=RSComponents"; VariantName = "[No Variations]"
Change component parameters (AddParameter): Name = "ComponentLink1URL"; Value = "https://datasheet.ciiva.com/11786/0900766b802d4699-11786267.pdf?src-supplier=RSComponents"; VariantName = "[No Variations]"
Change component parameters (AddParameter): Name = "ComponentLink2Description"; Value = "https://datasheet.ciiva.com/1124/318409-1124608.pdf?src-supplier=Element14"; VariantName = "[No Variations]"
Change component parameters (AddParameter): Name = "ComponentLink2URL"; Value = "https://datasheet.ciiva.com/1124/318409-1124608.pdf?src-supplier=Element14"; VariantName = "[No Variations]"
Change component parameters (AddParameter): Name = "ComponentLink3Description"; Value = "https://datasheet.ciiva.com/203/cy5v-203689.pdf?src-supplier=Digi-Key"; VariantName = "[No Variations]"
Change component parameters (AddParameter): Name = "ComponentLink3URL"; Value = "https://datasheet.ciiva.com/203/cy5v-203689.pdf?src-supplier=Digi-Key"; VariantName = "[No Variations]"
Change component parameters (AddParameter): Name = "ComponentLink4Description"; Value = "https://datasheet.ciiva.com/203/cy5v-203690.pdf?src-supplier=Digi-Key"; VariantName = "[No Variations]"
Change component parameters (AddParameter): Name = "ComponentLink4URL"; Value = "https://datasheet.ciiva.com/203/cy5v-203690.pdf?src-supplier=Digi-Key"; VariantName = "[No Variations]"
Change component parameters (AddParameter): Name = "ComponentLink5Description"; Value = "https://datasheet.ciiva.com/203/cy5v-203691.pdf?src-supplier=Digi-Key"; VariantName = "[No Variations]"
Change component parameters (AddParameter): Name = "ComponentLink5URL"; Value = "https://datasheet.ciiva.com/203/cy5v-203691.pdf?src-supplier=Digi-Key"; VariantName = "[No Variations]"
Change component parameters (AddParameter): Name = "ComponentLink6Description"; Value = "https://datasheet.ciiva.com/11464/cy5v-11464567.pdf?src-supplier=Avnet"; VariantName = "[No Variations]"
Change component parameters (AddParameter): Name = "ComponentLink6URL"; Value = "https://datasheet.ciiva.com/11464/cy5v-11464567.pdf?src-supplier=Avnet"; VariantName = "[No Variations]"
Change component parameters (AddParameter): Name = "ComponentLink7Description"; Value = "https://datasheet.ciiva.com/2987/cy5v-2987766.pdf?src-supplier=Avnet"; VariantName = "[No Variations]"
Change component parameters (AddParameter): Name = "ComponentLink7URL"; Value = "https://datasheet.ciiva.com/2987/cy5v-2987766.pdf?src-supplier=Avnet"; VariantName = "[No Variations]"
Change component parameters (AddParameter): Name = "ComponentLink8Description"; Value = "https://datasheet.ciiva.com/1124/578190-1124654.pdf?src-supplier=Element14"; VariantName = "[No Variations]"
Change component parameters (AddParameter): Name = "ComponentLink8URL"; Value = "https://datasheet.ciiva.com/1124/578190-1124654.pdf?src-supplier=Element14"; VariantName = "[No Variations]"
Change component parameters (AddParameter): Name = "ComponentLink9Description"; Value = "https://datasheet.ciiva.com/1124/578190-1124655.pdf?src-supplier=Element14"; VariantName = "[No Variations]"
Change component parameters (AddParameter): Name = "ComponentLink9URL"; Value = "https://datasheet.ciiva.com/1124/578190-1124655.pdf?src-supplier=Element14"; VariantName = "[No Variations]"
Change component parameters (AddParameter): Name = "ComponentLink10Description"; Value = "https://datasheet.ciiva.com/14590/70001073-14590664.pdf?src-supplier=Allied+Electronics"; VariantName = "[No Variations]"
Change component parameters (AddParameter): Name = "ComponentLink10URL"; Value = "https://datasheet.ciiva.com/14590/70001073-14590664.pdf?src-supplier=Allied+Electronics"; VariantName = "[No Variations]"
Change component parameters (AddParameter): Name = "ComponentLink11Description"; Value = "https://datasheet.ciiva.com/28613/578190-28613276.pdf?src-supplier=Element14"; VariantName = "[No Variations]"
Change component parameters (AddParameter): Name = "ComponentLink11URL"; Value = "https://datasheet.ciiva.com/28613/578190-28613276.pdf?src-supplier=Element14"; VariantName = "[No Variations]"
Change component parameters (AddParameter): Name = "ComponentLink12Description"; Value = "https://datasheet.ciiva.com/16484/cy5v-16484423.pdf?src-supplier=Avnet+Asia"; VariantName = "[No Variations]"
Change component parameters (AddParameter): Name = "ComponentLink12URL"; Value = "https://datasheet.ciiva.com/16484/cy5v-16484423.pdf?src-supplier=Avnet+Asia"; VariantName = "[No Variations]"
Change component parameters (AddParameter): Name = "Construction"; Value = "Flat"; VariantName = "[No Variations]"
Change component parameters (AddParameter): Name = "Contact Plating"; Value = "Tin,Matte"; VariantName = "[No Variations]"
Change component parameters (AddParameter): Name = "Depth"; Value = "0.81mm"; VariantName = "[No Variations]"
Change component parameters (AddParameter): Name = "Dielectric"; Value = "Y5V"; VariantName = "[No Variations]"
Change component parameters (AddParameter): Name = "Dissipation Factor"; Value = "7%"; VariantName = "[No Variations]"
Change component parameters (AddParameter): Name = "Height"; Value = "0.9mm"; VariantName = "[No Variations]"
Change component parameters (AddParameter): Name = "Insulation Resistance"; Value = "100GR"; VariantName = "[No Variations]"
Change component parameters (AddParameter): Name = "Lead Free"; Value = "Lead Free"; VariantName = "[No Variations]"
Change component parameters (AddParameter): Name = "Length"; Value = "1.6mm"; VariantName = "[No Variations]"
Change component parameters (AddParameter): Name = "Manufacturer"; Value = "Kyocera AVX"; VariantName = "[No Variations]"
Change component parameters (AddParameter): Name = "Manufacturer Part Number"; Value = "KGM15AV51E104ZT"; VariantName = "[No Variations]"
Change component parameters (AddParameter): Name = "Max Operating Temperature"; Value = "85°C"; VariantName = "[No Variations]"
Change component parameters (AddParameter): Name = "Min Operating Temperature"; Value = "-30°C"; VariantName = "[No Variations]"
Change component parameters (AddParameter): Name = "Mount"; Value = "Surface Mount,PCB"; VariantName = "[No Variations]"
Change component parameters (AddParameter): Name = "Number of Pins"; Value = "2"; VariantName = "[No Variations]"
Change component parameters (AddParameter): Name = "Package Quantity"; Value = "1"; VariantName = "[No Variations]"
Change component parameters (AddParameter): Name = "Packaging"; Value = "Tape and Reel"; VariantName = "[No Variations]"
Change component parameters (AddParameter): Name = "Radiation Hardening"; Value = "No"; VariantName = "[No Variations]"
Change component parameters (AddParameter): Name = "REACH SVHC"; Value = "No SVHC"; VariantName = "[No Variations]"
Change component parameters (AddParameter): Name = "RoHS"; Value = "Yes"; VariantName = "[No Variations]"
Change component parameters (AddParameter): Name = "RoHS Compliant"; Value = "Yes"; VariantName = "[No Variations]"
Change component parameters (AddParameter): Name = "Series"; Value = "-"; VariantName = "[No Variations]"
Change component parameters (AddParameter): Name = "Supplier 1"; Value = "DigiKey"; VariantName = "[No Variations]"
Change component parameters (AddParameter): Name = "Supplier Part Number 1"; Value = "478-KGM15AV51E104ZTCT-ND"; VariantName = "[No Variations]"
Change component parameters (AddParameter): Name = "Termination"; Value = "SMD/SMT"; VariantName = "[No Variations]"
Change component parameters (AddParameter): Name = "Thickness"; Value = "0.035inch"; VariantName = "[No Variations]"
Change component parameters (AddParameter): Name = "Tolerance"; Value = "80%"; VariantName = "[No Variations]"
Change component parameters (AddParameter): Name = "Voltage"; Value = "25V"; VariantName = "[No Variations]"
Change component parameters (AddParameter): Name = "Voltage Rating"; Value = "25V"; VariantName = "[No Variations]"
Change component parameters (AddParameter): Name = "Voltage Rating (DC)"; Value = "25V"; VariantName = "[No Variations]"
Change component parameters (AddParameter): Name = "Width"; Value = "0.032inch"; VariantName = "[No Variations]"
Change component parameters: Designator = "C56" ("C56"); Footprint = "CAP_0.1uF_0603"; UniqueID = "\RKPUNXST" ("\RKPUNXST")
Change component parameters (AddParameter): Name = "Capacitance"; Value = "100nF"; VariantName = "[No Variations]"
Change component parameters (AddParameter): Name = "Case Code"; Value = "0603"; VariantName = "[No Variations]"
Change component parameters (AddParameter): Name = "Case Code (Imperial)"; Value = "0603"; VariantName = "[No Variations]"
Change component parameters (AddParameter): Name = "Case Code (Metric)"; Value = "1608"; VariantName = "[No Variations]"
Change component parameters (AddParameter): Name = "Case/Package"; Value = "0603"; VariantName = "[No Variations]"
Change component parameters (AddParameter): Name = "Category"; Value = "Ceramic Capacitors"; VariantName = "[No Variations]"
Change component parameters (AddParameter): Name = "ComponentLink1Description"; Value = "https://datasheet.ciiva.com/11786/0900766b802d4699-11786267.pdf?src-supplier=RSComponents"; VariantName = "[No Variations]"
Change component parameters (AddParameter): Name = "ComponentLink1URL"; Value = "https://datasheet.ciiva.com/11786/0900766b802d4699-11786267.pdf?src-supplier=RSComponents"; VariantName = "[No Variations]"
Change component parameters (AddParameter): Name = "ComponentLink2Description"; Value = "https://datasheet.ciiva.com/1124/318409-1124608.pdf?src-supplier=Element14"; VariantName = "[No Variations]"
Change component parameters (AddParameter): Name = "ComponentLink2URL"; Value = "https://datasheet.ciiva.com/1124/318409-1124608.pdf?src-supplier=Element14"; VariantName = "[No Variations]"
Change component parameters (AddParameter): Name = "ComponentLink3Description"; Value = "https://datasheet.ciiva.com/203/cy5v-203689.pdf?src-supplier=Digi-Key"; VariantName = "[No Variations]"
Change component parameters (AddParameter): Name = "ComponentLink3URL"; Value = "https://datasheet.ciiva.com/203/cy5v-203689.pdf?src-supplier=Digi-Key"; VariantName = "[No Variations]"
Change component parameters (AddParameter): Name = "ComponentLink4Description"; Value = "https://datasheet.ciiva.com/203/cy5v-203690.pdf?src-supplier=Digi-Key"; VariantName = "[No Variations]"
Change component parameters (AddParameter): Name = "ComponentLink4URL"; Value = "https://datasheet.ciiva.com/203/cy5v-203690.pdf?src-supplier=Digi-Key"; VariantName = "[No Variations]"
Change component parameters (AddParameter): Name = "ComponentLink5Description"; Value = "https://datasheet.ciiva.com/203/cy5v-203691.pdf?src-supplier=Digi-Key"; VariantName = "[No Variations]"
Change component parameters (AddParameter): Name = "ComponentLink5URL"; Value = "https://datasheet.ciiva.com/203/cy5v-203691.pdf?src-supplier=Digi-Key"; VariantName = "[No Variations]"
Change component parameters (AddParameter): Name = "ComponentLink6Description"; Value = "https://datasheet.ciiva.com/11464/cy5v-11464567.pdf?src-supplier=Avnet"; VariantName = "[No Variations]"
Change component parameters (AddParameter): Name = "ComponentLink6URL"; Value = "https://datasheet.ciiva.com/11464/cy5v-11464567.pdf?src-supplier=Avnet"; VariantName = "[No Variations]"
Change component parameters (AddParameter): Name = "ComponentLink7Description"; Value = "https://datasheet.ciiva.com/2987/cy5v-2987766.pdf?src-supplier=Avnet"; VariantName = "[No Variations]"
Change component parameters (AddParameter): Name = "ComponentLink7URL"; Value = "https://datasheet.ciiva.com/2987/cy5v-2987766.pdf?src-supplier=Avnet"; VariantName = "[No Variations]"
Change component parameters (AddParameter): Name = "ComponentLink8Description"; Value = "https://datasheet.ciiva.com/1124/578190-1124654.pdf?src-supplier=Element14"; VariantName = "[No Variations]"
Change component parameters (AddParameter): Name = "ComponentLink8URL"; Value = "https://datasheet.ciiva.com/1124/578190-1124654.pdf?src-supplier=Element14"; VariantName = "[No Variations]"
Change component parameters (AddParameter): Name = "ComponentLink9Description"; Value = "https://datasheet.ciiva.com/1124/578190-1124655.pdf?src-supplier=Element14"; VariantName = "[No Variations]"
Change component parameters (AddParameter): Name = "ComponentLink9URL"; Value = "https://datasheet.ciiva.com/1124/578190-1124655.pdf?src-supplier=Element14"; VariantName = "[No Variations]"
Change component parameters (AddParameter): Name = "ComponentLink10Description"; Value = "https://datasheet.ciiva.com/14590/70001073-14590664.pdf?src-supplier=Allied+Electronics"; VariantName = "[No Variations]"
Change component parameters (AddParameter): Name = "ComponentLink10URL"; Value = "https://datasheet.ciiva.com/14590/70001073-14590664.pdf?src-supplier=Allied+Electronics"; VariantName = "[No Variations]"
Change component parameters (AddParameter): Name = "ComponentLink11Description"; Value = "https://datasheet.ciiva.com/28613/578190-28613276.pdf?src-supplier=Element14"; VariantName = "[No Variations]"
Change component parameters (AddParameter): Name = "ComponentLink11URL"; Value = "https://datasheet.ciiva.com/28613/578190-28613276.pdf?src-supplier=Element14"; VariantName = "[No Variations]"
Change component parameters (AddParameter): Name = "ComponentLink12Description"; Value = "https://datasheet.ciiva.com/16484/cy5v-16484423.pdf?src-supplier=Avnet+Asia"; VariantName = "[No Variations]"
Change component parameters (AddParameter): Name = "ComponentLink12URL"; Value = "https://datasheet.ciiva.com/16484/cy5v-16484423.pdf?src-supplier=Avnet+Asia"; VariantName = "[No Variations]"
Change component parameters (AddParameter): Name = "Construction"; Value = "Flat"; VariantName = "[No Variations]"
Change component parameters (AddParameter): Name = "Contact Plating"; Value = "Tin,Matte"; VariantName = "[No Variations]"
Change component parameters (AddParameter): Name = "Depth"; Value = "0.81mm"; VariantName = "[No Variations]"
Change component parameters (AddParameter): Name = "Dielectric"; Value = "Y5V"; VariantName = "[No Variations]"
Change component parameters (AddParameter): Name = "Dissipation Factor"; Value = "7%"; VariantName = "[No Variations]"
Change component parameters (AddParameter): Name = "Height"; Value = "0.9mm"; VariantName = "[No Variations]"
Change component parameters (AddParameter): Name = "Insulation Resistance"; Value = "100GR"; VariantName = "[No Variations]"
Change component parameters (AddParameter): Name = "Lead Free"; Value = "Lead Free"; VariantName = "[No Variations]"
Change component parameters (AddParameter): Name = "Length"; Value = "1.6mm"; VariantName = "[No Variations]"
Change component parameters (AddParameter): Name = "Manufacturer"; Value = "Kyocera AVX"; VariantName = "[No Variations]"
Change component parameters (AddParameter): Name = "Manufacturer Part Number"; Value = "KGM15AV51E104ZT"; VariantName = "[No Variations]"
Change component parameters (AddParameter): Name = "Max Operating Temperature"; Value = "85°C"; VariantName = "[No Variations]"
Change component parameters (AddParameter): Name = "Min Operating Temperature"; Value = "-30°C"; VariantName = "[No Variations]"
Change component parameters (AddParameter): Name = "Mount"; Value = "Surface Mount,PCB"; VariantName = "[No Variations]"
Change component parameters (AddParameter): Name = "Number of Pins"; Value = "2"; VariantName = "[No Variations]"
Change component parameters (AddParameter): Name = "Package Quantity"; Value = "1"; VariantName = "[No Variations]"
Change component parameters (AddParameter): Name = "Packaging"; Value = "Tape and Reel"; VariantName = "[No Variations]"
Change component parameters (AddParameter): Name = "Radiation Hardening"; Value = "No"; VariantName = "[No Variations]"
Change component parameters (AddParameter): Name = "REACH SVHC"; Value = "No SVHC"; VariantName = "[No Variations]"
Change component parameters (AddParameter): Name = "RoHS"; Value = "Yes"; VariantName = "[No Variations]"
Change component parameters (AddParameter): Name = "RoHS Compliant"; Value = "Yes"; VariantName = "[No Variations]"
Change component parameters (AddParameter): Name = "Series"; Value = "-"; VariantName = "[No Variations]"
Change component parameters (AddParameter): Name = "Supplier 1"; Value = "DigiKey"; VariantName = "[No Variations]"
Change component parameters (AddParameter): Name = "Supplier Part Number 1"; Value = "478-KGM15AV51E104ZTCT-ND"; VariantName = "[No Variations]"
Change component parameters (AddParameter): Name = "Termination"; Value = "SMD/SMT"; VariantName = "[No Variations]"
Change component parameters (AddParameter): Name = "Thickness"; Value = "0.035inch"; VariantName = "[No Variations]"
Change component parameters (AddParameter): Name = "Tolerance"; Value = "80%"; VariantName = "[No Variations]"
Change component parameters (AddParameter): Name = "Voltage"; Value = "25V"; VariantName = "[No Variations]"
Change component parameters (AddParameter): Name = "Voltage Rating"; Value = "25V"; VariantName = "[No Variations]"
Change component parameters (AddParameter): Name = "Voltage Rating (DC)"; Value = "25V"; VariantName = "[No Variations]"
Change component parameters (AddParameter): Name = "Width"; Value = "0.032inch"; VariantName = "[No Variations]"
Change component parameters: Designator = "C61" ("C61"); Footprint = "CAP_3.3nF_0603"; UniqueID = "\TSUVILXQ" ("\TSUVILXQ")
Change component parameters (AddParameter): Name = "Capacitance"; Value = "3.3nF"; VariantName = "[No Variations]"
Change component parameters (AddParameter): Name = "Case Code"; Value = "0603"; VariantName = "[No Variations]"
Change component parameters (AddParameter): Name = "Case Code (Imperial)"; Value = "0603"; VariantName = "[No Variations]"
Change component parameters (AddParameter): Name = "Case Code (Metric)"; Value = "1608"; VariantName = "[No Variations]"
Change component parameters (AddParameter): Name = "Case/Package"; Value = "0603"; VariantName = "[No Variations]"
Change component parameters (AddParameter): Name = "Category"; Value = "Ceramic Capacitors"; VariantName = "[No Variations]"
Change component parameters (AddParameter): Name = "Construction"; Value = "Flat"; VariantName = "[No Variations]"
Change component parameters (AddParameter): Name = "Contact Plating"; Value = "Tin,Matte"; VariantName = "[No Variations]"
Change component parameters (AddParameter): Name = "Depth"; Value = "0.81mm"; VariantName = "[No Variations]"
Change component parameters (AddParameter): Name = "Dielectric"; Value = "X7R"; VariantName = "[No Variations]"
Change component parameters (AddParameter): Name = "Dissipation Factor"; Value = "7%"; VariantName = "[No Variations]"
Change component parameters (AddParameter): Name = "Height"; Value = "0.9mm"; VariantName = "[No Variations]"
Change component parameters (AddParameter): Name = "Insulation Resistance"; Value = "100GR"; VariantName = "[No Variations]"
Change component parameters (AddParameter): Name = "Lead Free"; Value = "Lead Free"; VariantName = "[No Variations]"
Change component parameters (AddParameter): Name = "Length"; Value = "1.6mm"; VariantName = "[No Variations]"
Change component parameters (AddParameter): Name = "Manufacturer"; Value = "KEMET"; VariantName = "[No Variations]"
Change component parameters (AddParameter): Name = "Manufacturer Part Number"; Value = "C0603C332J5RACTU"; VariantName = "[No Variations]"
Change component parameters (AddParameter): Name = "Max Operating Temperature"; Value = "125°C"; VariantName = "[No Variations]"
Change component parameters (AddParameter): Name = "Min Operating Temperature"; Value = "-55°C"; VariantName = "[No Variations]"
Change component parameters (AddParameter): Name = "Mount"; Value = "Surface Mount,PCB"; VariantName = "[No Variations]"
Change component parameters (AddParameter): Name = "Number of Pins"; Value = "2"; VariantName = "[No Variations]"
Change component parameters (AddParameter): Name = "Package Quantity"; Value = "1"; VariantName = "[No Variations]"
Change component parameters (AddParameter): Name = "Packaging"; Value = "Tape and Reel"; VariantName = "[No Variations]"
Change component parameters (AddParameter): Name = "Radiation Hardening"; Value = "No"; VariantName = "[No Variations]"
Change component parameters (AddParameter): Name = "REACH SVHC"; Value = "No SVHC"; VariantName = "[No Variations]"
Change component parameters (AddParameter): Name = "RoHS"; Value = "Yes"; VariantName = "[No Variations]"
Change component parameters (AddParameter): Name = "RoHS Compliant"; Value = "Yes"; VariantName = "[No Variations]"
Change component parameters (AddParameter): Name = "Series"; Value = "-"; VariantName = "[No Variations]"
Change component parameters (AddParameter): Name = "Supplier 1"; Value = "DigiKey"; VariantName = "[No Variations]"
Change component parameters (AddParameter): Name = "Supplier Part Number 1"; Value = "399-C0603C332J5RACTUCT-ND"; VariantName = "[No Variations]"
Change component parameters (AddParameter): Name = "Termination"; Value = "SMD/SMT"; VariantName = "[No Variations]"
Change component parameters (AddParameter): Name = "Thickness"; Value = "0.035inch"; VariantName = "[No Variations]"
Change component parameters (AddParameter): Name = "Tolerance"; Value = "5%"; VariantName = "[No Variations]"
Change component parameters (AddParameter): Name = "Voltage"; Value = "50V"; VariantName = "[No Variations]"
Change component parameters (AddParameter): Name = "Voltage Rating"; Value = "50V"; VariantName = "[No Variations]"
Change component parameters (AddParameter): Name = "Voltage Rating (DC)"; Value = "50V"; VariantName = "[No Variations]"
Change component parameters (AddParameter): Name = "Width"; Value = "0.032inch"; VariantName = "[No Variations]"
Change component parameters: Designator = "C62" ("C62"); Footprint = "CAP_0.047uF_0603"; UniqueID = "\BJBLIERF" ("\BJBLIERF")
Change component parameters (AddParameter): Name = "Manufacturer"; Value = "KEMET"; VariantName = "[No Variations]"
Change component parameters (AddParameter): Name = "Manufacturer Product Number"; Value = "C0603C473K5RACTU"; VariantName = "[No Variations]"
Change component parameters (AddParameter): Name = "Supplier 1"; Value = "DigiKey"; VariantName = "[No Variations]"
Change component parameters (AddParameter): Name = "Supplier Part Number 1"; Value = "399-C0603C473K5RACTUCT-ND"; VariantName = "[No Variations]"
Change component parameters: Designator = "C64" ("C64"); Footprint = "CAP_3.3nF_0603"; UniqueID = "\TCUUFWEN" ("\TCUUFWEN")
Change component parameters (AddParameter): Name = "Capacitance"; Value = "3.3nF"; VariantName = "[No Variations]"
Change component parameters (AddParameter): Name = "Case Code"; Value = "0603"; VariantName = "[No Variations]"
Change component parameters (AddParameter): Name = "Case Code (Imperial)"; Value = "0603"; VariantName = "[No Variations]"
Change component parameters (AddParameter): Name = "Case Code (Metric)"; Value = "1608"; VariantName = "[No Variations]"
Change component parameters (AddParameter): Name = "Case/Package"; Value = "0603"; VariantName = "[No Variations]"
Change component parameters (AddParameter): Name = "Category"; Value = "Ceramic Capacitors"; VariantName = "[No Variations]"
Change component parameters (AddParameter): Name = "Construction"; Value = "Flat"; VariantName = "[No Variations]"
Change component parameters (AddParameter): Name = "Contact Plating"; Value = "Tin,Matte"; VariantName = "[No Variations]"
Change component parameters (AddParameter): Name = "Depth"; Value = "0.81mm"; VariantName = "[No Variations]"
Change component parameters (AddParameter): Name = "Dielectric"; Value = "X7R"; VariantName = "[No Variations]"
Change component parameters (AddParameter): Name = "Dissipation Factor"; Value = "7%"; VariantName = "[No Variations]"
Change component parameters (AddParameter): Name = "Height"; Value = "0.9mm"; VariantName = "[No Variations]"
Change component parameters (AddParameter): Name = "Insulation Resistance"; Value = "100GR"; VariantName = "[No Variations]"
Change component parameters (AddParameter): Name = "Lead Free"; Value = "Lead Free"; VariantName = "[No Variations]"
Change component parameters (AddParameter): Name = "Length"; Value = "1.6mm"; VariantName = "[No Variations]"
Change component parameters (AddParameter): Name = "Manufacturer"; Value = "KEMET"; VariantName = "[No Variations]"
Change component parameters (AddParameter): Name = "Manufacturer Part Number"; Value = "C0603C332J5RACTU"; VariantName = "[No Variations]"
Change component parameters (AddParameter): Name = "Max Operating Temperature"; Value = "125°C"; VariantName = "[No Variations]"
Change component parameters (AddParameter): Name = "Min Operating Temperature"; Value = "-55°C"; VariantName = "[No Variations]"
Change component parameters (AddParameter): Name = "Mount"; Value = "Surface Mount,PCB"; VariantName = "[No Variations]"
Change component parameters (AddParameter): Name = "Number of Pins"; Value = "2"; VariantName = "[No Variations]"
Change component parameters (AddParameter): Name = "Package Quantity"; Value = "1"; VariantName = "[No Variations]"
Change component parameters (AddParameter): Name = "Packaging"; Value = "Tape and Reel"; VariantName = "[No Variations]"
Change component parameters (AddParameter): Name = "Radiation Hardening"; Value = "No"; VariantName = "[No Variations]"
Change component parameters (AddParameter): Name = "REACH SVHC"; Value = "No SVHC"; VariantName = "[No Variations]"
Change component parameters (AddParameter): Name = "RoHS"; Value = "Yes"; VariantName = "[No Variations]"
Change component parameters (AddParameter): Name = "RoHS Compliant"; Value = "Yes"; VariantName = "[No Variations]"
Change component parameters (AddParameter): Name = "Series"; Value = "-"; VariantName = "[No Variations]"
Change component parameters (AddParameter): Name = "Supplier 1"; Value = "DigiKey"; VariantName = "[No Variations]"
Change component parameters (AddParameter): Name = "Supplier Part Number 1"; Value = "399-C0603C332J5RACTUCT-ND"; VariantName = "[No Variations]"
Change component parameters (AddParameter): Name = "Termination"; Value = "SMD/SMT"; VariantName = "[No Variations]"
Change component parameters (AddParameter): Name = "Thickness"; Value = "0.035inch"; VariantName = "[No Variations]"
Change component parameters (AddParameter): Name = "Tolerance"; Value = "5%"; VariantName = "[No Variations]"
Change component parameters (AddParameter): Name = "Voltage"; Value = "50V"; VariantName = "[No Variations]"
Change component parameters (AddParameter): Name = "Voltage Rating"; Value = "50V"; VariantName = "[No Variations]"
Change component parameters (AddParameter): Name = "Voltage Rating (DC)"; Value = "50V"; VariantName = "[No Variations]"
Change component parameters (AddParameter): Name = "Width"; Value = "0.032inch"; VariantName = "[No Variations]"
Change component parameters: Designator = "D1" ("D1"); Footprint = "SOT-SC70"; UniqueID = "\HYBJDEQB" ("\HYBJDEQB")
Change component parameters (AddParameter): Name = "Manufacturer"; Value = "Texas Instruments"; VariantName = "[No Variations]"
Change component parameters (AddParameter): Name = "Manufacturer Link"; Value = "https://www.ti.com/lit/ds/symlink/tpd2e007.pdf?HQS=TI-null-null-digikeymode-df-pf-null-wwe&ts=1600795141321"; VariantName = "[No Variations]"
Change component parameters (AddParameter): Name = "Manufacturer Part Number"; Value = "TPD2E007DCKR"; VariantName = "[No Variations]"
Change component parameters (AddParameter): Name = "RoHS"; Value = "ROHS3 Compliant"; VariantName = "[No Variations]"
Change component parameters (AddParameter): Name = "Supplier 1"; Value = "Arrow Electronics"; VariantName = "[No Variations]"
Change component parameters (AddParameter): Name = "Supplier Part Number 1"; Value = "TPD2E007DCKR"; VariantName = "[No Variations]"
Change component parameters (AddParameter): Name = "Temperature Range"; Value = "-40°C~85°C (TA)"; VariantName = "[No Variations]"
Change component parameters (AddParameter): Name = "Value"; Value = "TPD2E007DCKR"; VariantName = "[No Variations]"
Change component parameters: Designator = "D2" ("D2"); Footprint = "SOT-SC70"; UniqueID = "\WLRXRGZH" ("\WLRXRGZH")
Change component parameters (AddParameter): Name = "Manufacturer"; Value = "Texas Instruments"; VariantName = "[No Variations]"
Change component parameters (AddParameter): Name = "Manufacturer Link"; Value = "https://www.ti.com/lit/ds/symlink/tpd2e007.pdf?HQS=TI-null-null-digikeymode-df-pf-null-wwe&ts=1600795141321"; VariantName = "[No Variations]"
Change component parameters (AddParameter): Name = "Manufacturer Part Number"; Value = "TPD2E007DCKR"; VariantName = "[No Variations]"
Change component parameters (AddParameter): Name = "RoHS"; Value = "ROHS3 Compliant"; VariantName = "[No Variations]"
Change component parameters (AddParameter): Name = "Supplier 1"; Value = "Arrow Electronics"; VariantName = "[No Variations]"
Change component parameters (AddParameter): Name = "Supplier Part Number 1"; Value = "TPD2E007DCKR"; VariantName = "[No Variations]"
Change component parameters (AddParameter): Name = "Temperature Range"; Value = "-40°C~85°C (TA)"; VariantName = "[No Variations]"
Change component parameters (AddParameter): Name = "Value"; Value = "TPD2E007DCKR"; VariantName = "[No Variations]"
Change component parameters: Designator = "DS1" ("DS1"); Footprint = "LCD_SCREEN_16X2"; UniqueID = "\SPTPDROV" ("\SPTPDROV")
Change component parameters (AddParameter): Name = "Manufacturer"; Value = "SparkFun Electronics"; VariantName = "[No Variations]"
Change component parameters (AddParameter): Name = "Manufacturer Product Number"; Value = "16397"; VariantName = "[No Variations]"
Change component parameters (AddParameter): Name = "Supplier 1"; Value = "Digi-Key"; VariantName = "[No Variations]"
Change component parameters (AddParameter): Name = "Supplier Part Number 1"; Value = "1568-16397-ND"; VariantName = "[No Variations]"
Change component parameters: Designator = "M1" ("M1"); Footprint = "LED_DOME_4LED"; UniqueID = "\BPOVKFXO" ("\BPOVKFXO")
Change component parameters (AddParameter): Name = "Category"; Value = "Optoelectronics"; VariantName = "[No Variations]"
Change component parameters (AddParameter): Name = "Color"; Value = "White"; VariantName = "[No Variations]"
Change component parameters (AddParameter): Name = "ComponentLink1Description"; Value = "http://download.khatod.com/documents/pljt20_test_report.pdf"; VariantName = "[No Variations]"
Change component parameters (AddParameter): Name = "ComponentLink1URL"; Value = "http://download.khatod.com/documents/pljt20_test_report.pdf"; VariantName = "[No Variations]"
Change component parameters (AddParameter): Name = "For Use With/Related Manufacturer"; Value = "-"; VariantName = "[No Variations]"
Change component parameters (AddParameter): Name = "Lens Size"; Value = "23mm Dia"; VariantName = "[No Variations]"
Change component parameters (AddParameter): Name = "Lens Style"; Value = "Round with Domed Top"; VariantName = "[No Variations]"
Change component parameters (AddParameter): Name = "Lens Transparency"; Value = "Diffused"; VariantName = "[No Variations]"
Change component parameters (AddParameter): Name = "Manufacturer"; Value = "Khatod North America LLC"; VariantName = "[No Variations]"
Change component parameters (AddParameter): Name = "Manufacturer Part Number"; Value = "PLJT20"; VariantName = "[No Variations]"
Change component parameters (AddParameter): Name = "Material"; Value = "Polycarbonate"; VariantName = "[No Variations]"
Change component parameters (AddParameter): Name = "Mounting Type"; Value = "Snap In"; VariantName = "[No Variations]"
Change component parameters (AddParameter): Name = "Optical Pattern"; Value = "Diffuser"; VariantName = "[No Variations]"
Change component parameters (AddParameter): Name = "Part Status"; Value = "Active"; VariantName = "[No Variations]"
Change component parameters (AddParameter): Name = "Pricing 1"; Value = "1=3.32, 10=2.941, 50=2.1818, 100=1.8972, 250=1.70748 (USD)"; VariantName = "[No Variations]"
Change component parameters (AddParameter): Name = "RoHS"; Value = "RoHS Compliant"; VariantName = "[No Variations]"
Change component parameters (AddParameter): Name = "Stock 1"; Value = "241"; VariantName = "[No Variations]"
Change component parameters (AddParameter): Name = "Supplier 1"; Value = "Digi-Key"; VariantName = "[No Variations]"
Change component parameters (AddParameter): Name = "Supplier 2"; Value = "Digi-Key"; VariantName = "[No Variations]"
Change component parameters (AddParameter): Name = "Supplier Part Number 1"; Value = "732-5013-ND"; VariantName = "[No Variations]"
Change component parameters (AddParameter): Name = "Supplier Part Number 2"; Value = "732-5012-ND"; VariantName = "[No Variations]"
Change component parameters (AddParameter): Name = "Type"; Value = "Lens"; VariantName = "[No Variations]"
Change component parameters (AddParameter): Name = "Viewing Angle"; Value = "170°"; VariantName = "[No Variations]"
Change component parameters: Designator = "R7" ("R7"); Footprint = "RES_2K1_0603"; UniqueID = "\GJMPBUNN" ("\GJMPBUNN")
Change component parameters (AddParameter): Name = "Manufacturer"; Value = "YAGEO"; VariantName = "[No Variations]"
Change component parameters (AddParameter): Name = "Manufacturer Product Number"; Value = "RC0603FR-072K1L"; VariantName = "[No Variations]"
Change component parameters (AddParameter): Name = "Resistance"; Value = "2.1 kOhms"; VariantName = "[No Variations]"
Change component parameters (AddParameter): Name = "Supplier 1"; Value = "DigiKey"; VariantName = "[No Variations]"
Change component parameters (AddParameter): Name = "Supplier 2"; Value = "Mouser"; VariantName = "[No Variations]"
Change component parameters (AddParameter): Name = "Supplier Part Number 1"; Value = "311-2.10KHRCT-ND"; VariantName = "[No Variations]"
Change component parameters (AddParameter): Name = "Supplier Part Number 2"; Value = "603-RC0603FR-072K1L"; VariantName = "[No Variations]"
Change component parameters: Designator = "S5" ("S5"); Footprint = "SW_TACTILE_SPST-NO"; UniqueID = "\MLVSMDWU" ("\MLVSMDWU")
Change component parameters (AddParameter): Name = "Actuator Color"; Value = "White"; VariantName = "[No Variations]"
Change component parameters (AddParameter): Name = "Actuator Length"; Value = "1.3mm"; VariantName = "[No Variations]"
Change component parameters (AddParameter): Name = "Actuator Type"; Value = "Standard"; VariantName = "[No Variations]"
Change component parameters (AddParameter): Name = "Body Depth"; Value = "6mm"; VariantName = "[No Variations]"
Change component parameters (AddParameter): Name = "Case/Package"; Value = "SMD/SMT"; VariantName = "[No Variations]"
Change component parameters (AddParameter): Name = "Category"; Value = "Tactile Switches"; VariantName = "[No Variations]"
Change component parameters (AddParameter): Name = "Color"; Value = "White"; VariantName = "[No Variations]"
Change component parameters (AddParameter): Name = "ComponentLink1Description"; Value = "https://datasheet.ciiva.com/25603/0900766b810ad3e5-25603904.pdf?src-supplier=RSComponents"; VariantName = "[No Variations]"
Change component parameters (AddParameter): Name = "ComponentLink1URL"; Value = "https://datasheet.ciiva.com/25603/0900766b810ad3e5-25603904.pdf?src-supplier=RSComponents"; VariantName = "[No Variations]"
Change component parameters (AddParameter): Name = "ComponentLink2Description"; Value = "https://datasheet.ciiva.com/8165/atk0000ce28-8165166.pdf?src-supplier=Avnet"; VariantName = "[No Variations]"
Change component parameters (AddParameter): Name = "ComponentLink2URL"; Value = "https://datasheet.ciiva.com/8165/atk0000ce28-8165166.pdf?src-supplier=Avnet"; VariantName = "[No Variations]"
Change component parameters (AddParameter): Name = "ComponentLink3Description"; Value = "https://datasheet.ciiva.com/2899/atk0000ce28-2899560.pdf?src-supplier=Digi-Key"; VariantName = "[No Variations]"
Change component parameters (AddParameter): Name = "ComponentLink3URL"; Value = "https://datasheet.ciiva.com/2899/atk0000ce28-2899560.pdf?src-supplier=Digi-Key"; VariantName = "[No Variations]"
Change component parameters (AddParameter): Name = "ComponentLink4Description"; Value = "https://datasheet.ciiva.com/2899/atk0000ce28-2899561.pdf?src-supplier=Digi-Key"; VariantName = "[No Variations]"
Change component parameters (AddParameter): Name = "ComponentLink4URL"; Value = "https://datasheet.ciiva.com/2899/atk0000ce28-2899561.pdf?src-supplier=Digi-Key"; VariantName = "[No Variations]"
Change component parameters (AddParameter): Name = "ComponentLink5Description"; Value = "https://datasheet.ciiva.com/2899/atk0000ce28-2899562.pdf?src-supplier=Digi-Key"; VariantName = "[No Variations]"
Change component parameters (AddParameter): Name = "ComponentLink5URL"; Value = "https://datasheet.ciiva.com/2899/atk0000ce28-2899562.pdf?src-supplier=Digi-Key"; VariantName = "[No Variations]"
Change component parameters (AddParameter): Name = "ComponentLink6Description"; Value = "https://datasheet.ciiva.com/30263/8atk0000ce28-30263950.pdf?src-supplier=Onlinecomponents.com"; VariantName = "[No Variations]"
Change component parameters (AddParameter): Name = "ComponentLink6URL"; Value = "https://datasheet.ciiva.com/30263/8atk0000ce28-30263950.pdf?src-supplier=Onlinecomponents.com"; VariantName = "[No Variations]"
Change component parameters (AddParameter): Name = "ComponentLink7Description"; Value = "https://datasheet.ciiva.com/17022/70270561-17022925.pdf?src-supplier=Allied+Electronics"; VariantName = "[No Variations]"
Change component parameters (AddParameter): Name = "ComponentLink7URL"; Value = "https://datasheet.ciiva.com/17022/70270561-17022925.pdf?src-supplier=Allied+Electronics"; VariantName = "[No Variations]"
Change component parameters (AddParameter): Name = "ComponentLink8Description"; Value = "https://datasheet.ciiva.com/16438/atk0000ce28-16438077.pdf?src-supplier=Future+Electronics"; VariantName = "[No Variations]"
Change component parameters (AddParameter): Name = "ComponentLink8URL"; Value = "https://datasheet.ciiva.com/16438/atk0000ce28-16438077.pdf?src-supplier=Future+Electronics"; VariantName = "[No Variations]"
Change component parameters (AddParameter): Name = "ComponentLink9Description"; Value = "https://datasheet.ciiva.com/46401/28111-46401279.pdf?src-supplier=Element14"; VariantName = "[No Variations]"
Change component parameters (AddParameter): Name = "ComponentLink9URL"; Value = "https://datasheet.ciiva.com/46401/28111-46401279.pdf?src-supplier=Element14"; VariantName = "[No Variations]"
Change component parameters (AddParameter): Name = "Contact Current Rating"; Value = "20mA"; VariantName = "[No Variations]"
Change component parameters (AddParameter): Name = "Contact Plating"; Value = "Gold,Silver"; VariantName = "[No Variations]"
Change component parameters (AddParameter): Name = "Contact Resistance"; Value = "100mR"; VariantName = "[No Variations]"
Change component parameters (AddParameter): Name = "Current Rating"; Value = "20mA"; VariantName = "[No Variations]"
Change component parameters (AddParameter): Name = "Depth"; Value = "6.6mm"; VariantName = "[No Variations]"
Change component parameters (AddParameter): Name = "Electrical Life"; Value = "200000Cycles"; VariantName = "[No Variations]"
Change component parameters (AddParameter): Name = "Height"; Value = "2.5mm"; VariantName = "[No Variations]"
Change component parameters (AddParameter): Name = "Illumination Type"; Value = "Non-Illuminated,Illuminated"; VariantName = "[No Variations]"
Change component parameters (AddParameter): Name = "Lead Free"; Value = "Lead Free"; VariantName = "[No Variations]"
Change component parameters (AddParameter): Name = "Length"; Value = "6.5mm"; VariantName = "[No Variations]"
Change component parameters (AddParameter): Name = "Manufacturer"; Value = "Panasonic"; VariantName = "[No Variations]"
Change component parameters (AddParameter): Name = "Manufacturer Part Number"; Value = "EVQ-Q2U03W"; VariantName = "[No Variations]"
Change component parameters (AddParameter): Name = "Max Current Rating"; Value = "20mA"; VariantName = "[No Variations]"
Change component parameters (AddParameter): Name = "Max Operating Temperature"; Value = "85°C"; VariantName = "[No Variations]"
Change component parameters (AddParameter): Name = "Max Voltage Rating (AC)"; Value = "250V"; VariantName = "[No Variations]"
Change component parameters (AddParameter): Name = "Max Voltage Rating (DC)"; Value = "15V"; VariantName = "[No Variations]"
Change component parameters (AddParameter): Name = "Mechanical Life"; Value = "200000Cycles"; VariantName = "[No Variations]"
Change component parameters (AddParameter): Name = "Min Operating Temperature"; Value = "-40°C"; VariantName = "[No Variations]"
Change component parameters (AddParameter): Name = "Mount"; Value = "Surface Mount"; VariantName = "[No Variations]"
Change component parameters (AddParameter): Name = "Number of Poles"; Value = "1"; VariantName = "[No Variations]"
Change component parameters (AddParameter): Name = "Operating Force"; Value = "2.6N"; VariantName = "[No Variations]"
Change component parameters (AddParameter): Name = "Orientation"; Value = "Straight"; VariantName = "[No Variations]"
Change component parameters (AddParameter): Name = "Package Quantity"; Value = "1"; VariantName = "[No Variations]"
Change component parameters (AddParameter): Name = "Packaging"; Value = "Tape and Reel"; VariantName = "[No Variations]"
Change component parameters (AddParameter): Name = "Pricing 1"; Value = "1=0.28000, 10=0.27200, 25=0.25760, 100=0.23310, 250=0.21252, 500=0.19756, 1000=0.16853 (USD)"; VariantName = "[No Variations]"
Change component parameters (AddParameter): Name = "Radiation Hardening"; Value = "No"; VariantName = "[No Variations]"
Change component parameters (AddParameter): Name = "REACH SVHC"; Value = "No SVHC"; VariantName = "[No Variations]"
Change component parameters (AddParameter): Name = "RoHS"; Value = "Yes"; VariantName = "[No Variations]"
Change component parameters (AddParameter): Name = "Series"; Value = "EVQQ2"; VariantName = "[No Variations]"
Change component parameters (AddParameter): Name = "Size"; Value = "1.8mm"; VariantName = "[No Variations]"
Change component parameters (AddParameter): Name = "Stock 1"; Value = "35170"; VariantName = "[No Variations]"
Change component parameters (AddParameter): Name = "Supplier 1"; Value = "DigiKey"; VariantName = "[No Variations]"
Change component parameters (AddParameter): Name = "Supplier 2"; Value = "Mouser"; VariantName = "[No Variations]"
Change component parameters (AddParameter): Name = "Supplier Part Number 1"; Value = "P12955SCT-ND"; VariantName = "[No Variations]"
Change component parameters (AddParameter): Name = "Supplier Part Number 2"; Value = "667-EVQ-Q2U03W"; VariantName = "[No Variations]"
Change component parameters (AddParameter): Name = "Switch Function"; Value = "Off-Mom"; VariantName = "[No Variations]"
Change component parameters (AddParameter): Name = "Switch Travel"; Value = "0.25mm"; VariantName = "[No Variations]"
Change component parameters (AddParameter): Name = "Termination"; Value = "SMD/SMT"; VariantName = "[No Variations]"
Change component parameters (AddParameter): Name = "Thickness"; Value = "1.8mm"; VariantName = "[No Variations]"
Change component parameters (AddParameter): Name = "Throw Configuration"; Value = "SPST"; VariantName = "[No Variations]"
Change component parameters (AddParameter): Name = "Voltage Rating (DC)"; Value = "15V"; VariantName = "[No Variations]"
Change component parameters (AddParameter): Name = "Width"; Value = "6mm"; VariantName = "[No Variations]"
Change component parameters: Designator = "U10" ("U10"); Footprint = "IC_MDBT50Q-1M_SMD"; UniqueID = "\XEGHLXHX" ("\XEGHLXHX")
Change component parameters (AddParameter): Name = "Case/Package"; Value = "SMD/SMT"; VariantName = "[No Variations]"
Change component parameters (AddParameter): Name = "Category"; Value = "RF Receivers, Transceivers"; VariantName = "[No Variations]"
Change component parameters (AddParameter): Name = "ComponentLink1Description"; Value = "http://www.raytac.com/download/index.php?index_id=24&src-supplier=Digi-Key"; VariantName = "[No Variations]"
Change component parameters (AddParameter): Name = "ComponentLink1URL"; Value = "http://www.raytac.com/download/index.php?index_id=24&src-supplier=Digi-Key"; VariantName = "[No Variations]"
Change component parameters (AddParameter): Name = "Current - Receiving"; Value = "32.7mA"; VariantName = "[No Variations]"
Change component parameters (AddParameter): Name = "Current - Transmitting"; Value = "11.1mA"; VariantName = "[No Variations]"
Change component parameters (AddParameter): Name = "Data Rate"; Value = "2Mbps"; VariantName = "[No Variations]"
Change component parameters (AddParameter): Name = "Frequency"; Value = "2.5GHz"; VariantName = "[No Variations]"
Change component parameters (AddParameter): Name = "Interface"; Value = "I2C,SPI,USB,ADC,GPIO,UART"; VariantName = "[No Variations]"
Change component parameters (AddParameter): Name = "Manufacturer"; Value = "Raytac"; VariantName = "[No Variations]"
Change component parameters (AddParameter): Name = "Manufacturer Part Number"; Value = "MDBT50Q-1MV2"; VariantName = "[No Variations]"
Change component parameters (AddParameter): Name = "Max Operating Temperature"; Value = "85°C"; VariantName = "[No Variations]"
Change component parameters (AddParameter): Name = "Memory Size"; Value = "256KB"; VariantName = "[No Variations]"
Change component parameters (AddParameter): Name = "Min Operating Temperature"; Value = "-40°C"; VariantName = "[No Variations]"
Change component parameters (AddParameter): Name = "Mount"; Value = "Surface Mount"; VariantName = "[No Variations]"
Change component parameters (AddParameter): Name = "Pricing 1"; Value = "1=10.10000 (USD)"; VariantName = "[No Variations]"
Change component parameters (AddParameter): Name = "RoHS"; Value = "No"; VariantName = "[No Variations]"
Change component parameters (AddParameter): Name = "Sensitivity"; Value = "-103dBm"; VariantName = "[No Variations]"
Change component parameters (AddParameter): Name = "Supplier 1"; Value = "Mouser"; VariantName = "[No Variations]"
Change component parameters (AddParameter): Name = "Supplier 2"; Value = "DigiKey"; VariantName = "[No Variations]"
Change component parameters (AddParameter): Name = "Supplier Part Number 1"; Value = "485-4078"; VariantName = "[No Variations]"
Change component parameters (AddParameter): Name = "Supplier Part Number 2"; Value = "1597-1678-ND"; VariantName = "[No Variations]"
Change component parameters: Designator = "XTAL1" ("XTAL1"); Footprint = "XTAL-32.768kHz"; UniqueID = "\MDIFWSFR" ("\MDIFWSFR")
Change component parameters (AddParameter): Name = "Category"; Value = "Crystals, Oscillators, Resonators"; VariantName = "[No Variations]"
Change component parameters (AddParameter): Name = "ComponentLink1Description"; Value = "http://www.ecsxtal.com/store/pdf/ecx-31b.pdf"; VariantName = "[No Variations]"
Change component parameters (AddParameter): Name = "ComponentLink1URL"; Value = "http://www.ecsxtal.com/store/pdf/ecx-31b.pdf"; VariantName = "[No Variations]"
Change component parameters (AddParameter): Name = "Frequency Stability"; Value = "-"; VariantName = "[No Variations]"
Change component parameters (AddParameter): Name = "Frequency Tolerance"; Value = "±20ppm"; VariantName = "[No Variations]"
Change component parameters (AddParameter): Name = "Height - Seated (Max)"; Value = "0.035" (0.90mm)"; VariantName = "[No Variations]"
Change component parameters (AddParameter): Name = "Load Capacitance"; Value = "12.5pF"; VariantName = "[No Variations]"
Change component parameters (AddParameter): Name = "Manufacturer"; Value = "ECS Inc."; VariantName = "[No Variations]"
Change component parameters (AddParameter): Name = "Manufacturer Part Number"; Value = "ECS-.327-12.5-34B-TR"; VariantName = "[No Variations]"
Change component parameters (AddParameter): Name = "Mounting Type"; Value = "Surface Mount"; VariantName = "[No Variations]"
Change component parameters (AddParameter): Name = "Operating Mode"; Value = "Fundamental"; VariantName = "[No Variations]"
Change component parameters (AddParameter): Name = "Operating Temperature"; Value = "-40°C ~ 85°C"; VariantName = "[No Variations]"
Change component parameters (AddParameter): Name = "Package / Case"; Value = "2-SMD, No Lead"; VariantName = "[No Variations]"
Change component parameters (AddParameter): Name = "Packaging"; Value = "Cut Tape (CT)"; VariantName = "[No Variations]"
Change component parameters (AddParameter): Name = "Part Status"; Value = "Active"; VariantName = "[No Variations]"
Change component parameters (AddParameter): Name = "Pricing 1"; Value = "1=0.54, 10=0.448, 50=0.4034, 100=0.3586, 500=0.34068, 1000=0.28688 (USD)"; VariantName = "[No Variations]"
Change component parameters (AddParameter): Name = "Ratings"; Value = "-"; VariantName = "[No Variations]"
Change component parameters (AddParameter): Name = "RoHS"; Value = "RoHS Compliant"; VariantName = "[No Variations]"
Change component parameters (AddParameter): Name = "Size / Dimension"; Value = "0.126" L x 0.059" W (3.20mm x 1.50mm)"; VariantName = "[No Variations]"
Change component parameters (AddParameter): Name = "Stock 1"; Value = "258451"; VariantName = "[No Variations]"
Change component parameters (AddParameter): Name = "Supplier 1"; Value = "Digi-Key"; VariantName = "[No Variations]"
Change component parameters (AddParameter): Name = "Supplier Part Number 1"; Value = "50-ECS-.327-12.5-34B-TRCT-ND"; VariantName = "[No Variations]"
Change component parameters (AddParameter): Name = "Type"; Value = "kHz Crystal (Tuning Fork)"; VariantName = "[No Variations]"
Added Component: Designator=U1(LIPO-CHARGING_8.4V_10DFN)
Add component (AddParameter): Name = "Battery Pack Voltage"; Value = "8.4V"; VariantName = "[No Variations]"
Add component (AddParameter): Name = "Case/Package"; Value = "DFN"; VariantName = "[No Variations]"
Add component (AddParameter): Name = "Category"; Value = "Battery Management"; VariantName = "[No Variations]"
Add component (AddParameter): Name = "ComponentLink1Description"; Value = "http://www.microchip.com/mymicrochip/filehandler.aspx?ddocname=en026002&src-supplier=Digi-Key"; VariantName = "[No Variations]"
Add component (AddParameter): Name = "ComponentLink1URL"; Value = "http://www.microchip.com/mymicrochip/filehandler.aspx?ddocname=en026002&src-supplier=Digi-Key"; VariantName = "[No Variations]"
Add component (AddParameter): Name = "Fault Protection"; Value = "Over Voltage"; VariantName = "[No Variations]"
Add component (AddParameter): Name = "Manufacturer"; Value = "Microchip"; VariantName = "[No Variations]"
Add component (AddParameter): Name = "Manufacturer Part Number"; Value = "MCP73213-A6SI/MF"; VariantName = "[No Variations]"
Add component (AddParameter): Name = "Max Charge Current"; Value = "1.1A"; VariantName = "[No Variations]"
Add component (AddParameter): Name = "Max Operating Temperature"; Value = "85°C"; VariantName = "[No Variations]"
Add component (AddParameter): Name = "Max Supply Voltage"; Value = "13V"; VariantName = "[No Variations]"
Add component (AddParameter): Name = "Min Operating Temperature"; Value = "-40°C"; VariantName = "[No Variations]"
Add component (AddParameter): Name = "Number of Cells"; Value = "2"; VariantName = "[No Variations]"
Add component (AddParameter): Name = "Packaging"; Value = "Rail/Tube"; VariantName = "[No Variations]"
Add component (AddParameter): Name = "Pricing 1"; Value = "1=1.88000 (USD)"; VariantName = "[No Variations]"
Add component (AddParameter): Name = "RoHS"; Value = "No"; VariantName = "[No Variations]"
Add component (AddParameter): Name = "Stock 1"; Value = "347"; VariantName = "[No Variations]"
Add component (AddParameter): Name = "Supplier 1"; Value = "DigiKey"; VariantName = "[No Variations]"
Add component (AddParameter): Name = "Supplier Part Number 1"; Value = "MCP73213-A6SI/MF-ND"; VariantName = "[No Variations]"
Added Pin To Net: NetName=GND Pin=U1-0
Added Pin To Net: NetName=9V Pin=U1-1
Added Pin To Net: NetName=9V Pin=U1-2
Added Pin To Net: NetName=VBAT Pin=U1-3
Added Pin To Net: NetName=VBAT Pin=U1-4
Added Pin To Net: NetName=GND Pin=U1-8
Added Pin To Net: NetName=GND Pin=U1-9
Added Pin To Net: NetName=NetR7_1 Pin=U1-10
Change Net Name : Old Net Name=GBUF New Net Name=NetR57_1
Added Member To Class: ClassName=TSI_SAMP_SAMI_V3.4 Member=Component U1 8.4V Charge current 1.1A
Added Room: Name=TSI_SAMP_SAMI_V3.4
Added Rule: Name=Schematic Supply Nets
Added Rule: Name=Schematic Supply Nets_1
Added Rule: Name=Schematic Supply Nets_2
Added Rule: Name=Schematic Supply Nets_3
Added Rule: Name=Schematic Supply Nets_4
Added Rule: Name=Schematic Supply Nets_5
Added Rule: Name=Schematic Supply Nets_6
Added Rule: Name=Schematic Supply Nets_7
Added Rule: Name=Schematic Supply Nets_8
Added Rule: Name=Schematic Supply Nets_9
Change Simulation Model (AddParameter): Name = "LatestRevisionDate"; Value = "29-May-2009"; VariantName = "[No Variations]"
Change Simulation Model (AddParameter): Name = "LatestRevisionNote"; Value = "IPC-7351 Footprint Added."; VariantName = "[No Variations]"
Change Simulation Model (AddParameter): Name = "PackageDescription"; Value = "Chip Resistor"; VariantName = "[No Variations]"
Change Simulation Model (AddParameter): Name = "PackageReference"; Value = "J1-0603"; VariantName = "[No Variations]"
Change Simulation Model (AddParameter): Name = "Published"; Value = "8-Jun-2000"; VariantName = "[No Variations]"
Change Simulation Model (AddParameter): Name = "Publisher"; Value = "Altium Limited"; VariantName = "[No Variations]"
Change Simulation Model (AddParameter): Name = "Supplier 1"; Value = "Digi-Key"; VariantName = "[No Variations]"
Change Simulation Model (AddParameter): Name = "Supplier Part Number 1"; Value = "P2.0MGCT-ND"; VariantName = "[No Variations]"
Change Simulation Model (AddParameter): Name = "Value"; Value = "2M"; VariantName = "[No Variations]"
